SUMLEV,STATE,COUNTY,PLACE,COUSUB,CONCIT,PRIMGEO_FLAG,FUNCSTAT,NAME,STNAME,ESTIMATESBASE2020,POPESTIMATE2020,POPESTIMATE2021
040,01,000,00000,00000,00000,0,A,Alabama,Alabama,5024279,5024803,5039877
162,01,000,00124,00000,00000,0,A,Abbeville city,Alabama,2368,2368,2379
162,01,000,00460,00000,00000,0,A,Adamsville city,Alabama,4372,4356,4294
162,01,000,00484,00000,00000,0,A,Addison town,Alabama,664,664,668
162,01,000,00676,00000,00000,0,A,Akron town,Alabama,227,227,226
162,01,000,00820,00000,00000,0,A,Alabaster city,Alabama,33360,33381,33676
162,01,000,00988,00000,00000,0,A,Albertville city,Alabama,22390,22385,22522
162,01,000,01132,00000,00000,0,A,Alexander City city,Alabama,14807,14761,14618
162,01,000,01228,00000,00000,0,A,Aliceville city,Alabama,2175,2166,2123
162,01,000,01396,00000,00000,0,A,Allgood town,Alabama,544,543,545
162,01,000,01660,00000,00000,0,A,Altoona town,Alabama,954,953,951
162,01,000,01708,00000,00000,0,A,Andalusia city,Alabama,8739,8731,8715
162,01,000,01756,00000,00000,0,A,Anderson town,Alabama,255,255,256
162,01,000,01852,00000,00000,0,A,Anniston city,Alabama,21366,21308,21157
162,01,000,02116,00000,00000,0,A,Arab city,Alabama,8448,8446,8498
162,01,000,02260,00000,00000,0,A,Ardmore town,Alabama,1327,1335,1370
162,01,000,02320,00000,00000,0,A,Argo town,Alabama,4379,4381,4401
162,01,000,02428,00000,00000,0,A,Ariton town,Alabama,656,654,655
162,01,000,02500,00000,00000,0,A,Arley town,Alabama,328,328,330
162,01,000,02836,00000,00000,0,A,Ashford town,Alabama,2239,2239,2247
162,01,000,02860,00000,00000,0,A,Ashland town,Alabama,1984,1976,1969
162,01,000,02908,00000,00000,0,A,Ashville city,Alabama,2314,2318,2347
162,01,000,02956,00000,00000,0,A,Athens city,Alabama,25420,25686,27027
162,01,000,03004,00000,00000,0,A,Atmore city,Alabama,8568,8548,8542
162,01,000,03028,00000,00000,0,A,Attalla city,Alabama,5843,5838,5839
162,01,000,03076,00000,00000,0,A,Auburn city,Alabama,76000,76429,78564
162,01,000,03220,00000,00000,0,A,Autaugaville town,Alabama,796,797,792
162,01,000,03364,00000,00000,0,A,Avon town,Alabama,463,464,466
162,01,000,03556,00000,00000,0,A,Babbie town,Alabama,631,631,633
162,01,000,03676,00000,00000,0,A,Baileyton town,Alabama,651,651,660
162,01,000,03724,00000,00000,0,A,Bakerhill town,Alabama,210,210,207
162,01,000,03940,00000,00000,0,A,Banks town,Alabama,156,156,155
162,01,000,04660,00000,00000,0,A,Bay Minette city,Alabama,7770,7789,7894
162,01,000,04684,00000,00000,0,A,Bayou La Batre city,Alabama,2202,2198,2182
162,01,000,04852,00000,00000,0,A,Bear Creek town,Alabama,1040,1039,1043
162,01,000,04900,00000,00000,0,A,Beatrice town,Alabama,203,203,203
162,01,000,04948,00000,00000,0,A,Beaverton town,Alabama,186,185,183
162,01,000,05164,00000,00000,0,A,Belk town,Alabama,189,188,188
162,01,000,05692,00000,00000,0,A,Benton town,Alabama,40,40,39
162,01,000,05812,00000,00000,0,A,Berlin town,Alabama,488,491,498
162,01,000,05932,00000,00000,0,A,Berry town,Alabama,1217,1215,1204
162,01,000,05980,00000,00000,0,A,Bessemer city,Alabama,26044,25970,25615
162,01,000,06460,00000,00000,0,A,Billingsley town,Alabama,125,125,126
162,01,000,07000,00000,00000,0,A,Birmingham city,Alabama,200763,200133,197575
162,01,000,07120,00000,00000,0,A,Black town,Alabama,225,225,226
162,01,000,07456,00000,00000,0,A,Blountsville town,Alabama,1832,1829,1827
162,01,000,07672,00000,00000,0,A,Blue Springs town,Alabama,83,82,81
162,01,000,07912,00000,00000,0,A,Boaz city,Alabama,10103,10100,10161
162,01,000,08104,00000,00000,0,A,Boligee town,Alabama,302,301,297
162,01,000,08248,00000,00000,0,A,Bon Air town,Alabama,171,171,168
162,01,000,09016,00000,00000,0,A,Brantley town,Alabama,819,816,807
162,01,000,09136,00000,00000,0,A,Brent city,Alabama,2970,2959,2977
162,01,000,09208,00000,00000,0,A,Brewton city,Alabama,5288,5271,5261
162,01,000,09328,00000,00000,0,A,Bridgeport city,Alabama,2262,2258,2257
162,01,000,09400,00000,00000,0,A,Brighton city,Alabama,2337,2328,2299
162,01,000,09424,00000,00000,0,A,Brilliant town,Alabama,838,835,833
162,01,000,09736,00000,00000,0,A,Brookside town,Alabama,1249,1246,1232
162,01,000,09808,00000,00000,0,A,Brookwood town,Alabama,2503,2498,2473
162,01,000,10240,00000,00000,0,A,Brundidge city,Alabama,2093,2087,2070
162,01,000,11032,00000,00000,0,A,Butler town,Alabama,1902,1894,1870
162,01,000,11416,00000,00000,0,A,Calera city,Alabama,16545,16672,17414
162,01,000,11512,00000,00000,0,A,Camden city,Alabama,1873,1856,1832
162,01,000,11680,00000,00000,0,A,Camp Hill town,Alabama,1006,1003,990
162,01,000,12016,00000,00000,0,A,Carbon Hill city,Alabama,1748,1740,1727
162,01,000,12040,00000,00000,0,A,Cardiff town,Alabama,53,53,52
162,01,000,12160,00000,00000,0,A,Carolina town,Alabama,289,288,290
162,01,000,12304,00000,00000,0,A,Carrollton town,Alabama,1018,1015,998
162,01,000,12496,00000,00000,0,A,Castleberry town,Alabama,494,491,480
162,01,000,12760,00000,00000,0,A,Cedar Bluff town,Alabama,1848,1849,1864
162,01,000,13264,00000,00000,0,A,Center Point city,Alabama,16421,16374,16137
162,01,000,13648,00000,00000,0,A,Centre city,Alabama,3508,3510,3528
162,01,000,13672,00000,00000,0,A,Centreville city,Alabama,2796,2781,2792
162,01,000,14008,00000,00000,0,A,Chatom town,Alabama,1049,1044,1039
162,01,000,14104,00000,00000,0,A,Chelsea city,Alabama,15070,15175,15653
162,01,000,14152,00000,00000,0,A,Cherokee town,Alabama,969,968,963
162,01,000,14392,00000,00000,0,A,Chickasaw city,Alabama,6478,6458,6395
162,01,000,14464,00000,00000,0,A,Childersburg city,Alabama,4760,4748,4689
162,01,000,15064,00000,00000,0,A,Citronelle city,Alabama,3940,3932,3924
162,01,000,15136,00000,00000,0,A,Clanton city,Alabama,8731,8725,8762
162,01,000,15256,00000,00000,0,A,Clay city,Alabama,10301,10318,10311
162,01,000,15304,00000,00000,0,A,Clayhatchee town,Alabama,468,467,470
162,01,000,15376,00000,00000,0,A,Clayton town,Alabama,2291,2288,2273
162,01,000,15472,00000,00000,0,A,Cleveland town,Alabama,1247,1244,1243
162,01,000,15640,00000,00000,0,A,Clio city,Alabama,1214,1213,1203
162,01,000,16000,00000,00000,0,A,Coaling town,Alabama,2038,2033,2010
162,01,000,16240,00000,00000,0,A,Coffee Springs town,Alabama,207,206,208
162,01,000,16264,00000,00000,0,A,Coffeeville town,Alabama,265,264,262
162,01,000,16312,00000,00000,0,A,Coker town,Alabama,901,899,888
162,01,000,16600,00000,00000,0,A,Collinsville town,Alabama,2030,2029,2029
162,01,000,16684,00000,00000,0,A,Colony town,Alabama,265,265,270
162,01,000,16744,00000,00000,0,A,Columbia town,Alabama,690,689,690
162,01,000,16768,00000,00000,0,A,Columbiana city,Alabama,4161,4181,4263
162,01,000,17176,00000,00000,0,A,Coosada town,Alabama,1237,1238,1257
162,01,000,17368,00000,00000,0,A,Cordova city,Alabama,1708,1699,1681
162,01,000,17824,00000,00000,0,A,Cottonwood town,Alabama,1048,1046,1046
162,01,000,17968,00000,00000,0,A,County Line town,Alabama,314,313,311
162,01,000,18040,00000,00000,0,A,Courtland town,Alabama,585,584,584
162,01,000,18088,00000,00000,0,A,Cowarts town,Alabama,1923,1927,1953
162,01,000,18304,00000,00000,0,A,Creola city,Alabama,1938,1936,1936
162,01,000,18856,00000,00000,0,A,Crossville town,Alabama,1811,1810,1810
162,01,000,18952,00000,00000,0,A,Cuba town,Alabama,313,311,306
162,01,000,18976,00000,00000,0,A,Cullman city,Alabama,18112,18215,18635
162,01,000,19216,00000,00000,0,A,Cusseta town,Alabama,152,151,151
162,01,000,19336,00000,00000,0,A,Dadeville city,Alabama,3043,3034,2998
162,01,000,19360,00000,00000,0,A,Daleville city,Alabama,4859,4848,4862
162,01,000,19648,00000,00000,0,A,Daphne city,Alabama,27525,27723,28777
162,01,000,19744,00000,00000,0,A,Dauphin Island town,Alabama,1777,1785,1814
162,01,000,19816,00000,00000,0,A,Daviston town,Alabama,175,174,174
162,01,000,19912,00000,00000,0,A,Dayton town,Alabama,29,29,28
162,01,000,20008,00000,00000,0,A,Deatsville town,Alabama,1706,1710,1730
162,01,000,20104,00000,00000,0,A,Decatur city,Alabama,57851,57777,57804
162,01,000,20296,00000,00000,0,A,Demopolis city,Alabama,7163,7135,7009
162,01,000,20392,00000,00000,0,A,Detroit town,Alabama,230,230,225
162,01,000,20955,00000,00000,0,A,Dodge City town,Alabama,554,554,562
162,01,000,21136,00000,00000,0,A,Dora city,Alabama,2308,2299,2290
162,01,000,21184,00000,00000,0,A,Dothan city,Alabama,71182,71154,71175
162,01,000,21280,00000,00000,0,A,Double Springs town,Alabama,1072,1069,1076
162,01,000,21328,00000,00000,0,A,Douglas town,Alabama,758,757,761
162,01,000,21448,00000,00000,0,A,Dozier town,Alabama,291,290,287
162,01,000,21952,00000,00000,0,A,Dutton town,Alabama,329,329,333
162,01,000,22216,00000,00000,0,A,East Brewton city,Alabama,2278,2271,2266
162,01,000,22816,00000,00000,0,A,Eclectic town,Alabama,1214,1214,1224
162,01,000,23176,00000,00000,0,A,Edwardsville town,Alabama,205,205,205
162,01,000,23296,00000,00000,0,A,Elba city,Alabama,3409,3404,3401
162,01,000,23320,00000,00000,0,A,Elberta town,Alabama,1989,1994,2015
162,01,000,23344,00000,00000,0,A,Eldridge town,Alabama,129,129,128
162,01,000,23488,00000,00000,0,A,Elkmont town,Alabama,417,419,429
162,01,000,23656,00000,00000,0,A,Elmore town,Alabama,1279,1285,1335
162,01,000,23872,00000,00000,0,A,Emelle town,Alabama,34,34,33
162,01,000,24184,00000,00000,0,A,Enterprise city,Alabama,28752,28864,29395
162,01,000,24256,00000,00000,0,A,Epes town,Alabama,279,277,275
162,01,000,24472,00000,00000,0,A,Ethelsville town,Alabama,50,50,50
162,01,000,24568,00000,00000,0,A,Eufaula city,Alabama,12855,12824,12675
162,01,000,24664,00000,00000,0,A,Eutaw town,Alabama,2908,2895,2859
162,01,000,24688,00000,00000,0,A,Eva town,Alabama,591,590,589
162,01,000,24808,00000,00000,0,A,Evergreen city,Alabama,3445,3432,3370
162,01,000,24880,00000,00000,0,A,Excel town,Alabama,556,554,550
162,01,000,25120,00000,00000,0,A,Fairfield city,Alabama,10009,9975,9832
162,01,000,25240,00000,00000,0,A,Fairhope city,Alabama,22340,22562,23147
162,01,000,25384,00000,00000,0,A,Fairview town,Alabama,543,543,548
162,01,000,25648,00000,00000,0,A,Falkville town,Alabama,1152,1151,1147
162,01,000,25816,00000,00000,0,A,Faunsdale town,Alabama,85,85,83
162,01,000,25840,00000,00000,0,A,Fayette city,Alabama,4247,4239,4185
162,01,000,26200,00000,00000,0,A,Five Points town,Alabama,119,119,118
162,01,000,26824,00000,00000,0,A,Flomaton town,Alabama,1454,1449,1452
162,01,000,26848,00000,00000,0,A,Florala town,Alabama,1915,1908,1906
162,01,000,26896,00000,00000,0,A,Florence city,Alabama,39783,39803,39933
162,01,000,26992,00000,00000,0,A,Foley city,Alabama,20353,20601,22063
162,01,000,27376,00000,00000,0,A,Forkland town,Alabama,446,446,444
162,01,000,27520,00000,00000,0,A,Fort Deposit town,Alabama,1236,1235,1194
162,01,000,27616,00000,00000,0,A,Fort Payne city,Alabama,14825,14823,14834
162,01,000,28024,00000,00000,0,A,Franklin town,Alabama,603,600,583
162,01,000,28312,00000,00000,0,A,Frisco City town,Alabama,1178,1174,1165
162,01,000,28432,00000,00000,0,A,Fruithurst town,Alabama,238,237,239
162,01,000,28504,00000,00000,0,A,Fulton town,Alabama,226,225,221
162,01,000,28552,00000,00000,0,A,Fultondale city,Alabama,9887,9880,9789
162,01,000,28672,00000,00000,0,A,Fyffe town,Alabama,964,963,963
162,01,000,28696,00000,00000,0,A,Gadsden city,Alabama,34070,34019,33769
162,01,000,28768,00000,00000,0,A,Gainesville town,Alabama,176,175,174
162,01,000,28936,00000,00000,0,A,Gantt town,Alabama,197,197,198
162,01,000,29032,00000,00000,0,A,Garden City town,Alabama,528,528,534
162,01,000,29056,00000,00000,0,A,Gardendale city,Alabama,16064,16037,16444
162,01,000,29296,00000,00000,0,A,Gaylesville town,Alabama,173,172,172
162,01,000,29392,00000,00000,0,A,Geiger town,Alabama,160,159,156
162,01,000,29464,00000,00000,0,A,Geneva city,Alabama,4202,4201,4185
162,01,000,29560,00000,00000,0,A,Georgiana town,Alabama,1328,1327,1315
162,01,000,29608,00000,00000,0,A,Geraldine town,Alabama,911,910,910
162,01,000,29704,00000,00000,0,A,Gilbertown town,Alabama,737,733,727
162,01,000,29944,00000,00000,0,A,Glen Allen town,Alabama,429,428,426
162,01,000,29992,00000,00000,0,A,Glencoe city,Alabama,5420,5418,5412
162,01,000,30160,00000,00000,0,A,Glenwood town,Alabama,152,151,152
162,01,000,30448,00000,00000,0,A,Goldville town,Alabama,54,54,53
162,01,000,30496,00000,00000,0,A,Good Hope city,Alabama,2491,2496,2548
162,01,000,30640,00000,00000,0,A,Goodwater town,Alabama,1282,1281,1281
162,01,000,30736,00000,00000,0,A,Gordo town,Alabama,1639,1634,1612
162,01,000,30760,00000,00000,0,A,Gordon town,Alabama,291,291,292
162,01,000,30808,00000,00000,0,A,Gordonville town,Alabama,247,246,239
162,01,000,30880,00000,00000,0,A,Goshen town,Alabama,271,270,270
162,01,000,31096,00000,00000,0,A,Grant town,Alabama,1039,1038,1040
162,01,000,31384,00000,00000,0,A,Graysville city,Alabama,1949,1941,1915
162,01,000,31720,00000,00000,0,A,Greensboro city,Alabama,2214,2211,2195
162,01,000,31912,00000,00000,0,A,Greenville city,Alabama,7357,7350,7263
162,01,000,32056,00000,00000,0,A,Grimes town,Alabama,574,572,576
162,01,000,32080,00000,00000,0,A,Grove Hill town,Alabama,1791,1782,1757
162,01,000,32224,00000,00000,0,A,Guin city,Alabama,2193,2186,2172
162,01,000,32272,00000,00000,0,A,Gulf Shores city,Alabama,15100,15216,15736
162,01,000,32416,00000,00000,0,A,Guntersville city,Alabama,8549,8570,8713
162,01,000,32440,00000,00000,0,A,Gurley town,Alabama,824,824,825
162,01,000,32536,00000,00000,0,A,Gu-Win town,Alabama,141,141,142
162,01,000,32560,00000,00000,0,A,Hackleburg town,Alabama,1433,1430,1430
162,01,000,32656,00000,00000,0,A,Haleburg town,Alabama,114,114,115
162,01,000,32704,00000,00000,0,A,Haleyville city,Alabama,4349,4336,4351
162,01,000,32848,00000,00000,0,A,Hamilton city,Alabama,7031,7012,6991
162,01,000,32896,00000,00000,0,A,Hammondville town,Alabama,428,428,429
162,01,000,32968,00000,00000,0,A,Hanceville city,Alabama,3156,3170,3215
162,01,000,33256,00000,00000,0,A,Harpersville town,Alabama,1625,1630,1690
162,01,000,33424,00000,00000,0,A,Hartford city,Alabama,2632,2636,2651
162,01,000,33448,00000,00000,0,A,Hartselle city,Alabama,15484,15472,15549
162,01,000,33640,00000,00000,0,A,Hayden town,Alabama,1336,1336,1332
162,01,000,33712,00000,00000,0,A,Hayneville town,Alabama,808,806,778
162,01,000,33856,00000,00000,0,A,Headland city,Alabama,4965,4976,5145
162,01,000,33904,00000,00000,0,A,Heath town,Alabama,237,236,238
162,01,000,33976,00000,00000,0,A,Heflin city,Alabama,3405,3398,3400
162,01,000,34024,00000,00000,0,A,Helena city,Alabama,20980,21095,21560
162,01,000,34096,00000,00000,0,A,Henagar city,Alabama,2302,2303,2298
162,01,000,34480,00000,00000,0,A,Highland Lake town,Alabama,413,414,415
162,01,000,34816,00000,00000,0,A,Hillsboro town,Alabama,410,410,409
162,01,000,35152,00000,00000,0,A,Hobson City town,Alabama,773,772,768
162,01,000,35200,00000,00000,0,A,Hodges town,Alabama,265,264,263
162,01,000,35392,00000,00000,0,A,Hokes Bluff city,Alabama,4420,4419,4435
162,01,000,35560,00000,00000,0,A,Holly Pond town,Alabama,845,845,857
162,01,000,35632,00000,00000,0,A,Hollywood town,Alabama,913,915,918
162,01,000,35800,00000,00000,0,A,Homewood city,Alabama,26388,26323,26054
162,01,000,35896,00000,00000,0,A,Hoover city,Alabama,92651,92687,92589
162,01,000,36088,00000,00000,0,A,Horn Hill town,Alabama,209,208,209
162,01,000,36448,00000,00000,0,A,Hueytown city,Alabama,16806,16752,16531
162,01,000,37000,00000,00000,0,A,Huntsville city,Alabama,214372,215043,216963
162,01,000,37096,00000,00000,0,A,Hurtsboro town,Alabama,347,348,345
162,01,000,37264,00000,00000,0,A,Hytop town,Alabama,441,441,443
162,01,000,37312,00000,00000,0,A,Ider town,Alabama,734,735,739
162,01,000,37465,00000,00000,0,A,Indian Springs Village city,Alabama,2494,2494,2491
162,01,000,37864,00000,00000,0,A,Irondale city,Alabama,13498,13508,13518
162,01,000,38152,00000,00000,0,A,Jackson city,Alabama,4735,4713,4644
162,01,000,38248,00000,00000,0,A,Jacksons' Gap town,Alabama,750,749,753
162,01,000,38272,00000,00000,0,A,Jacksonville city,Alabama,13101,13089,13057
162,01,000,38416,00000,00000,0,A,Jasper city,Alabama,14448,14396,14354
162,01,000,38608,00000,00000,0,A,Jemison city,Alabama,2633,2638,2650
162,01,000,39280,00000,00000,0,A,Kansas town,Alabama,182,181,179
162,01,000,39472,00000,00000,0,A,Kellyton town,Alabama,129,128,129
162,01,000,39520,00000,00000,0,A,Kennedy town,Alabama,437,436,427
162,01,000,39784,00000,00000,0,A,Killen town,Alabama,1038,1037,1040
162,01,000,39856,00000,00000,0,A,Kimberly city,Alabama,3845,3858,3946
162,01,000,40072,00000,00000,0,A,Kinsey town,Alabama,2194,2197,2243
162,01,000,40096,00000,00000,0,A,Kinston town,Alabama,586,585,587
162,01,000,40672,00000,00000,0,A,La Fayette city,Alabama,2607,2597,2588
162,01,000,40888,00000,00000,0,A,Lakeview town,Alabama,160,160,160
162,01,000,40928,00000,00000,0,A,Lake View town,Alabama,3558,3572,3640
162,01,000,41296,00000,00000,0,A,Lanett city,Alabama,6859,6830,6773
162,01,000,41368,00000,00000,0,A,Langston town,Alabama,267,267,268
162,01,000,41968,00000,00000,0,A,Leeds city,Alabama,12348,12336,12271
162,01,000,42016,00000,00000,0,A,Leesburg town,Alabama,916,916,915
162,01,000,42160,00000,00000,0,A,Leighton town,Alabama,664,662,662
162,01,000,42352,00000,00000,0,A,Lester town,Alabama,109,110,112
162,01,000,42472,00000,00000,0,A,Level Plains town,Alabama,1825,1819,1821
162,01,000,42640,00000,00000,0,A,Lexington town,Alabama,735,735,737
162,01,000,42808,00000,00000,0,A,Libertyville town,Alabama,110,109,109
162,01,000,43120,00000,00000,0,A,Lincoln city,Alabama,6855,6912,7082
162,01,000,43240,00000,00000,0,A,Linden city,Alabama,1926,1919,1887
162,01,000,43264,00000,00000,0,A,Lineville city,Alabama,2487,2479,2474
162,01,000,43336,00000,00000,0,A,Lipscomb city,Alabama,2086,2080,2049
162,01,000,43384,00000,00000,0,A,Lisman town,Alabama,425,423,421
162,01,000,43648,00000,00000,0,A,Littleville town,Alabama,1040,1039,1040
162,01,000,43720,00000,00000,0,A,Livingston city,Alabama,3205,3195,3153
162,01,000,43744,00000,00000,0,A,Loachapoka town,Alabama,162,161,161
162,01,000,43816,00000,00000,0,A,Lockhart town,Alabama,447,445,445
162,01,000,43888,00000,00000,0,A,Locust Fork town,Alabama,1196,1197,1198
162,01,000,44344,00000,00000,0,A,Louisville town,Alabama,396,395,391
162,01,000,44536,00000,00000,0,A,Lowndesboro town,Alabama,88,88,84
162,01,000,44608,00000,00000,0,A,Loxley town,Alabama,3674,3747,4111
162,01,000,44728,00000,00000,0,A,Luverne city,Alabama,2711,2702,2680
162,01,000,44800,00000,00000,0,A,Lynn town,Alabama,614,612,617
162,01,000,45472,00000,00000,0,A,McIntosh town,Alabama,206,204,201
162,01,000,45496,00000,00000,0,A,McKenzie town,Alabama,507,507,503
162,01,000,45640,00000,00000,0,A,McMullen town,Alabama,29,29,28
162,01,000,45784,00000,00000,0,A,Madison city,Alabama,57124,57389,58357
162,01,000,45904,00000,00000,0,A,Madrid town,Alabama,265,264,265
162,01,000,46072,00000,00000,0,A,Magnolia Springs town,Alabama,811,812,819
162,01,000,46264,00000,00000,0,A,Malvern town,Alabama,1538,1539,1543
162,01,000,46504,00000,00000,0,A,Maplesville town,Alabama,640,639,641
162,01,000,46696,00000,00000,0,A,Margaret town,Alabama,5123,5181,5427
162,01,000,46768,00000,00000,0,A,Marion city,Alabama,3241,3219,3178
162,01,000,47728,00000,00000,0,A,Maytown town,Alabama,317,316,312
162,01,000,48052,00000,00000,0,A,Memphis town,Alabama,26,26,25
162,01,000,48064,00000,00000,0,A,Mentone town,Alabama,320,320,321
162,01,000,48376,00000,00000,0,A,Midfield city,Alabama,5215,5195,5115
162,01,000,48400,00000,00000,0,A,Midland City town,Alabama,2241,2243,2264
162,01,000,48424,00000,00000,0,A,Midway town,Alabama,419,416,420
162,01,000,48712,00000,00000,0,A,Millbrook city,Alabama,16843,16874,17217
162,01,000,48808,00000,00000,0,A,Millport town,Alabama,1007,1004,982
162,01,000,48832,00000,00000,0,A,Millry town,Alabama,450,447,443
162,01,000,50000,00000,00000,0,A,Mobile city,Alabama,186833,186411,184952
162,01,000,50192,00000,00000,0,A,Monroeville city,Alabama,5903,5885,5841
162,01,000,50312,00000,00000,0,A,Montevallo city,Alabama,6948,7002,7255
162,01,000,51000,00000,00000,0,A,Montgomery city,Alabama,200567,200006,198665
162,01,000,51096,00000,00000,0,A,Moody city,Alabama,13232,13270,13563
162,01,000,51264,00000,00000,0,A,Mooresville town,Alabama,44,44,45
162,01,000,51456,00000,00000,0,A,Morris town,Alabama,2257,2262,2254
162,01,000,51520,00000,00000,0,A,Mosses town,Alabama,841,841,814
162,01,000,51600,00000,00000,0,A,Moulton city,Alabama,3366,3363,3358
162,01,000,51648,00000,00000,0,A,Moundville town,Alabama,3025,3031,3072
162,01,000,51696,00000,00000,0,A,Mountain Brook city,Alabama,22471,22409,22158
162,01,000,52608,00000,00000,0,A,Mount Vernon town,Alabama,1352,1353,1362
162,01,000,52776,00000,00000,0,A,Mulga town,Alabama,788,785,777
162,01,000,52848,00000,00000,0,A,Munford town,Alabama,1347,1343,1333
162,01,000,53016,00000,00000,0,A,Muscle Shoals city,Alabama,16273,16324,16618
162,01,000,53112,00000,00000,0,A,Myrtlewood town,Alabama,72,72,71
162,01,000,53256,00000,00000,0,A,Napier Field town,Alabama,409,408,409
162,01,000,53376,00000,00000,0,A,Natural Bridge town,Alabama,33,33,33
162,01,000,53400,00000,00000,0,A,Nauvoo town,Alabama,188,187,185
162,01,000,53448,00000,00000,0,A,Nectar town,Alabama,382,381,379
162,01,000,53472,00000,00000,0,A,Needham town,Alabama,74,73,73
162,01,000,53784,00000,00000,0,A,Newbern town,Alabama,132,132,131
162,01,000,53856,00000,00000,0,A,New Brockton town,Alabama,1414,1421,1437
162,01,000,54168,00000,00000,0,A,New Hope city,Alabama,2897,2898,2891
162,01,000,54432,00000,00000,0,A,New Site town,Alabama,774,774,772
162,01,000,54480,00000,00000,0,A,Newton town,Alabama,1602,1599,1607
162,01,000,54600,00000,00000,0,A,Newville town,Alabama,543,543,549
162,01,000,55044,00000,00000,0,A,North Courtland town,Alabama,483,482,484
162,01,000,55152,00000,00000,0,A,North Johns town,Alabama,127,127,127
162,01,000,55200,00000,00000,0,A,Northport city,Alabama,31119,31117,31009
162,01,000,55440,00000,00000,0,A,Notasulga town,Alabama,938,939,916
162,01,000,55752,00000,00000,0,A,Oak Grove town,Alabama,559,558,553
162,01,000,55848,00000,00000,0,A,Oak Hill town,Alabama,14,14,14
162,01,000,55992,00000,00000,0,A,Oakman town,Alabama,773,769,762
162,01,000,56400,00000,00000,0,A,Odenville city,Alabama,4970,4972,4999
162,01,000,56472,00000,00000,0,A,Ohatchee town,Alabama,1180,1179,1191
162,01,000,57000,00000,00000,0,A,Oneonta city,Alabama,6813,6812,6805
162,01,000,57024,00000,00000,0,A,Onycha town,Alabama,167,167,168
162,01,000,57048,00000,00000,0,A,Opelika city,Alabama,31039,31073,31538
162,01,000,57120,00000,00000,0,A,Opp city,Alabama,6693,6665,6653
162,01,000,57144,00000,00000,0,A,Orange Beach city,Alabama,8139,8168,8347
162,01,000,57240,00000,00000,0,A,Orrville town,Alabama,149,148,145
162,01,000,57504,00000,00000,0,A,Owens Cross Roads town,Alabama,2596,2622,2635
162,01,000,57576,00000,00000,0,A,Oxford city,Alabama,22319,22306,22312
162,01,000,57648,00000,00000,0,A,Ozark city,Alabama,14373,14327,14313
162,01,000,57696,00000,00000,0,A,Paint Rock town,Alabama,181,181,181
162,01,000,58272,00000,00000,0,A,Parrish town,Alabama,988,983,980
162,01,000,58848,00000,00000,0,A,Pelham city,Alabama,24400,24458,24688
162,01,000,58896,00000,00000,0,A,Pell City city,Alabama,12846,12898,13248
162,01,000,58968,00000,00000,0,A,Pennington town,Alabama,332,331,330
162,01,000,59088,00000,00000,0,A,Perdido Beach town,Alabama,554,556,562
162,01,000,59328,00000,00000,0,A,Petrey town,Alabama,66,66,66
162,01,000,59472,00000,00000,0,A,Phenix City city,Alabama,38819,38783,38428
162,01,000,59496,00000,00000,0,A,Phil Campbell town,Alabama,990,988,988
162,01,000,59592,00000,00000,0,A,Pickensville town,Alabama,558,555,550
162,01,000,59640,00000,00000,0,A,Piedmont city,Alabama,4853,4841,4810
162,01,000,59760,00000,00000,0,A,Pike Road town,Alabama,9461,9558,9978
162,01,000,59832,00000,00000,0,A,Pinckard town,Alabama,583,581,587
162,01,000,59880,00000,00000,0,A,Pine Apple town,Alabama,143,142,139
162,01,000,60240,00000,00000,0,A,Pine Hill town,Alabama,768,761,756
162,01,000,60372,00000,00000,0,A,Pine Ridge town,Alabama,265,264,264
162,01,000,60648,00000,00000,0,A,Pinson city,Alabama,7269,7252,7183
162,01,000,60720,00000,00000,0,A,Pisgah town,Alabama,681,679,682
162,01,000,61008,00000,00000,0,A,Pleasant Grove city,Alabama,9552,9536,9495
162,01,000,61038,00000,00000,0,A,Pleasant Groves town,Alabama,426,426,426
162,01,000,61536,00000,00000,0,A,Pollard town,Alabama,124,124,123
162,01,000,62075,00000,00000,0,A,Powell town,Alabama,880,879,882
162,01,000,62328,00000,00000,0,A,Prattville city,Alabama,37813,37897,38286
162,01,000,62472,00000,00000,0,A,Priceville town,Alabama,3518,3553,3685
162,01,000,62496,00000,00000,0,A,Prichard city,Alabama,19308,19259,19097
162,01,000,62688,00000,00000,0,A,Providence town,Alabama,168,167,166
162,01,000,63216,00000,00000,0,A,Ragland town,Alabama,1697,1699,1707
162,01,000,63288,00000,00000,0,A,Rainbow City city,Alabama,10167,10158,10154
162,01,000,63336,00000,00000,0,A,Rainsville city,Alabama,5512,5524,5604
162,01,000,63408,00000,00000,0,A,Ranburne town,Alabama,421,420,420
162,01,000,63576,00000,00000,0,A,Red Bay city,Alabama,3197,3191,3184
162,01,000,63768,00000,00000,0,A,Red Level town,Alabama,433,431,431
162,01,000,63984,00000,00000,0,A,Reece City town,Alabama,614,613,610
162,01,000,64104,00000,00000,0,A,Reform town,Alabama,1523,1518,1495
162,01,000,64152,00000,00000,0,A,Rehobeth town,Alabama,1783,1790,1821
162,01,000,64368,00000,00000,0,A,Repton town,Alabama,239,238,234
162,01,000,64656,00000,00000,0,A,Ridgeville town,Alabama,85,85,84
162,01,000,64776,00000,00000,0,A,River Falls town,Alabama,483,483,485
162,01,000,64920,00000,00000,0,A,Riverside city,Alabama,2235,2237,2251
162,01,000,65016,00000,00000,0,A,Riverview town,Alabama,160,159,161
162,01,000,65040,00000,00000,0,A,Roanoke city,Alabama,5295,5292,5279
162,01,000,65208,00000,00000,0,A,Robertsdale city,Alabama,6681,6722,6916
162,01,000,65472,00000,00000,0,A,Rockford town,Alabama,349,349,351
162,01,000,66216,00000,00000,0,A,Rogersville town,Alabama,1297,1303,1336
162,01,000,66408,00000,00000,0,A,Rosa town,Alabama,376,375,376
162,01,000,67056,00000,00000,0,A,Russellville city,Alabama,10828,10810,10789
162,01,000,67176,00000,00000,0,A,Rutledge town,Alabama,355,354,350
162,01,000,67536,00000,00000,0,A,St. Florian town,Alabama,611,615,658
162,01,000,67800,00000,00000,0,A,Samson city,Alabama,1864,1864,1860
162,01,000,67920,00000,00000,0,A,Sand Rock town,Alabama,597,596,594
162,01,000,68016,00000,00000,0,A,Sanford town,Alabama,257,256,258
162,01,000,68160,00000,00000,0,A,Saraland city,Alabama,16194,16180,16319
162,01,000,68280,00000,00000,0,A,Sardis City town,Alabama,1810,1809,1798
162,01,000,68352,00000,00000,0,A,Satsuma city,Alabama,6758,6759,6785
162,01,000,68736,00000,00000,0,A,Scottsboro city,Alabama,15573,15551,15640
162,01,000,69000,00000,00000,0,A,Section town,Alabama,760,758,763
162,01,000,69120,00000,00000,0,A,Selma city,Alabama,18102,17960,17625
162,01,000,69240,00000,00000,0,A,Semmes city,Alabama,4967,4996,5209
162,01,000,69648,00000,00000,0,A,Sheffield city,Alabama,9406,9387,9337
162,01,000,69840,00000,00000,0,A,Shiloh town,Alabama,324,324,323
162,01,000,70128,00000,00000,0,A,Shorter town,Alabama,395,394,380
162,01,000,70416,00000,00000,0,A,Silas town,Alabama,376,374,371
162,01,000,70536,00000,00000,0,A,Silverhill town,Alabama,772,799,1035
162,01,000,70704,00000,00000,0,A,Sipsey town,Alabama,363,362,360
162,01,000,70896,00000,00000,0,A,Skyline town,Alabama,831,831,837
162,01,000,71040,00000,00000,0,A,Slocomb city,Alabama,2085,2089,2094
162,01,000,71190,00000,00000,0,A,Smiths Station city,Alabama,5402,5391,5381
162,01,000,71280,00000,00000,0,A,Snead town,Alabama,1031,1029,1026
162,01,000,71496,00000,00000,0,A,Somerville town,Alabama,795,796,799
162,01,000,71832,00000,00000,0,A,Southside city,Alabama,9380,9406,9465
162,01,000,71900,00000,00000,0,A,South Vinemont town,Alabama,561,561,574
162,01,000,71976,00000,00000,0,A,Spanish Fort city,Alabama,10035,10103,10392
162,01,000,72600,00000,00000,0,A,Springville city,Alabama,4804,4825,4935
162,01,000,72888,00000,00000,0,A,Steele town,Alabama,993,993,1000
162,01,000,73080,00000,00000,0,A,Stevenson city,Alabama,1959,1957,1960
162,01,000,73728,00000,00000,0,A,Sulligent city,Alabama,1875,1871,1838
162,01,000,73848,00000,00000,0,A,Sumiton city,Alabama,2448,2439,2422
162,01,000,73872,00000,00000,0,A,Summerdale town,Alabama,1473,1500,1543
162,01,000,74160,00000,00000,0,A,Susan Moore town,Alabama,789,788,789
162,01,000,74304,00000,00000,0,A,Sweet Water town,Alabama,230,229,225
162,01,000,74352,00000,00000,0,A,Sylacauga city,Alabama,12577,12543,12373
162,01,000,74400,00000,00000,0,A,Sylvania town,Alabama,1794,1795,1800
162,01,000,74424,00000,00000,0,A,Sylvan Springs town,Alabama,1655,1650,1631
162,01,000,74592,00000,00000,0,A,Talladega city,Alabama,15834,15796,15621
162,01,000,74616,00000,00000,0,A,Talladega Springs town,Alabama,147,147,145
162,01,000,74688,00000,00000,0,A,Tallassee city,Alabama,4806,4800,4808
162,01,000,74976,00000,00000,0,A,Tarrant city,Alabama,6120,6098,6005
162,01,000,75096,00000,00000,0,A,Taylor town,Alabama,2255,2256,2268
162,01,000,75936,00000,00000,0,A,Thomaston town,Alabama,330,329,325
162,01,000,75960,00000,00000,0,A,Thomasville city,Alabama,3594,3578,3548
162,01,000,76080,00000,00000,0,A,Thorsby town,Alabama,2067,2069,2093
162,01,000,76584,00000,00000,0,A,Town Creek town,Alabama,1055,1054,1053
162,01,000,76632,00000,00000,0,A,Toxey town,Alabama,146,146,144
162,01,000,76680,00000,00000,0,A,Trafford town,Alabama,620,618,608
162,01,000,76824,00000,00000,0,A,Triana town,Alabama,2907,3012,3396
162,01,000,76872,00000,00000,0,A,Trinity town,Alabama,2533,2531,2542
162,01,000,76920,00000,00000,0,A,Troy city,Alabama,17581,17579,17609
162,01,000,76944,00000,00000,0,A,Trussville city,Alabama,26160,26216,26388
162,01,000,77256,00000,00000,0,A,Tuscaloosa city,Alabama,99706,99960,100618
162,01,000,77280,00000,00000,0,A,Tuscumbia city,Alabama,9060,9055,9068
162,01,000,77304,00000,00000,0,A,Tuskegee city,Alabama,9181,9149,8870
162,01,000,77352,00000,00000,0,A,Twin town,Alabama,362,360,361
162,01,000,77616,00000,00000,0,A,Union town,Alabama,179,178,176
162,01,000,77784,00000,00000,0,A,Union Grove town,Alabama,70,70,70
162,01,000,77880,00000,00000,0,A,Union Springs city,Alabama,3348,3327,3314
162,01,000,77904,00000,00000,0,A,Uniontown town,Alabama,2081,2064,2037
162,01,000,78204,00000,00000,0,A,Valley city,Alabama,10562,10551,10513
162,01,000,78232,00000,00000,0,A,Valley Grande city,Alabama,4153,4127,4079
162,01,000,78240,00000,00000,0,A,Valley Head town,Alabama,579,579,582
162,01,000,78264,00000,00000,0,A,Vance town,Alabama,2089,2127,2145
162,01,000,78480,00000,00000,0,A,Vernon city,Alabama,1921,1916,1874
162,01,000,78552,00000,00000,0,A,Vestavia Hills city,Alabama,39166,39089,38801
162,01,000,78984,00000,00000,0,A,Vina town,Alabama,327,326,325
162,01,000,79008,00000,00000,0,A,Vincent town,Alabama,1986,1991,1997
162,01,000,79272,00000,00000,0,A,Vredenburgh town,Alabama,223,222,223
162,01,000,79344,00000,00000,0,A,Wadley town,Alabama,598,598,597
162,01,000,79488,00000,00000,0,A,Waldo town,Alabama,253,253,253
162,01,000,79728,00000,00000,0,A,Walnut Grove town,Alabama,773,773,773
162,01,000,79944,00000,00000,0,A,Warrior city,Alabama,3224,3219,3204
162,01,000,80064,00000,00000,0,A,Waterloo town,Alabama,182,183,184
162,01,000,80256,00000,00000,0,A,Waverly town,Alabama,154,154,152
162,01,000,80352,00000,00000,0,A,Weaver city,Alabama,3416,3408,3401
162,01,000,80376,00000,00000,0,A,Webb town,Alabama,1275,1275,1283
162,01,000,80496,00000,00000,0,A,Wedowee town,Alabama,721,721,720
162,01,000,80928,00000,00000,0,A,West Blocton town,Alabama,1222,1216,1226
162,01,000,81336,00000,00000,0,A,West Jefferson town,Alabama,417,416,417
162,01,000,81504,00000,00000,0,A,Westover town,Alabama,1777,1787,1796
162,01,000,81528,00000,00000,0,A,West Point town,Alabama,593,593,601
162,01,000,81720,00000,00000,0,A,Wetumpka city,Alabama,7049,7065,7190
162,01,000,81912,00000,00000,0,A,White Hall town,Alabama,814,812,785
162,01,000,82848,00000,00000,0,A,Wilsonville town,Alabama,1859,1863,1873
162,01,000,82872,00000,00000,0,A,Wilton town,Alabama,592,592,592
162,01,000,82992,00000,00000,0,A,Winfield city,Alabama,4842,4853,4829
162,01,000,83400,00000,00000,0,A,Woodland town,Alabama,222,222,222
162,01,000,83640,00000,00000,0,A,Woodstock town,Alabama,1477,1480,1582
162,01,000,83664,00000,00000,0,A,Woodville town,Alabama,747,745,748
162,01,000,83976,00000,00000,0,A,Yellow Bluff town,Alabama,211,210,209
162,01,000,84096,00000,00000,0,A,York city,Alabama,2454,2443,2415
050,01,001,00000,00000,00000,0,A,Autauga County,Alabama,58805,58877,59095
157,01,001,03220,00000,00000,1,A,Autaugaville town,Alabama,796,797,792
157,01,001,06460,00000,00000,1,A,Billingsley town,Alabama,125,125,126
157,01,001,48712,00000,00000,1,A,Millbrook city (pt.),Alabama,396,396,396
157,01,001,62328,00000,00000,1,A,Prattville city (pt.),Alabama,35895,35972,36307
157,01,001,99990,00000,00000,1,S,Balance of Autauga County,Alabama,21593,21587,21474
050,01,003,00000,00000,00000,0,A,Baldwin County,Alabama,231767,233140,239294
157,01,003,04660,00000,00000,1,A,Bay Minette city,Alabama,7770,7789,7894
157,01,003,19648,00000,00000,1,A,Daphne city,Alabama,27525,27723,28777
157,01,003,23320,00000,00000,1,A,Elberta town,Alabama,1989,1994,2015
157,01,003,25240,00000,00000,1,A,Fairhope city,Alabama,22340,22562,23147
157,01,003,26992,00000,00000,1,A,Foley city,Alabama,20353,20601,22063
157,01,003,32272,00000,00000,1,A,Gulf Shores city,Alabama,15100,15216,15736
157,01,003,44608,00000,00000,1,A,Loxley town,Alabama,3674,3747,4111
157,01,003,46072,00000,00000,1,A,Magnolia Springs town,Alabama,811,812,819
157,01,003,57144,00000,00000,1,A,Orange Beach city,Alabama,8139,8168,8347
157,01,003,59088,00000,00000,1,A,Perdido Beach town,Alabama,554,556,562
157,01,003,65208,00000,00000,1,A,Robertsdale city,Alabama,6681,6722,6916
157,01,003,70536,00000,00000,1,A,Silverhill town,Alabama,772,799,1035
157,01,003,71976,00000,00000,1,A,Spanish Fort city,Alabama,10035,10103,10392
157,01,003,73872,00000,00000,1,A,Summerdale town,Alabama,1473,1500,1543
157,01,003,99990,00000,00000,1,F,Balance of Baldwin County,Alabama,104551,104848,105937
050,01,005,00000,00000,00000,0,A,Barbour County,Alabama,25223,25180,24964
157,01,005,03724,00000,00000,1,A,Bakerhill town,Alabama,210,210,207
157,01,005,07672,00000,00000,1,A,Blue Springs town,Alabama,83,82,81
157,01,005,15376,00000,00000,1,A,Clayton town,Alabama,2291,2288,2273
157,01,005,15640,00000,00000,1,A,Clio city,Alabama,1214,1213,1203
157,01,005,24568,00000,00000,1,A,Eufaula city,Alabama,12855,12824,12675
157,01,005,44344,00000,00000,1,A,Louisville town,Alabama,396,395,391
157,01,005,99990,00000,00000,1,F,Balance of Barbour County,Alabama,8174,8168,8134
050,01,007,00000,00000,00000,0,A,Bibb County,Alabama,22293,22223,22477
157,01,007,09136,00000,00000,1,A,Brent city,Alabama,2970,2959,2977
157,01,007,13672,00000,00000,1,A,Centreville city,Alabama,2796,2781,2792
157,01,007,78264,00000,00000,1,A,Vance town (pt.),Alabama,72,75,75
157,01,007,80928,00000,00000,1,A,West Blocton town,Alabama,1222,1216,1226
157,01,007,83640,00000,00000,1,A,Woodstock town (pt.),Alabama,1346,1350,1444
157,01,007,99990,00000,00000,1,F,Balance of Bibb County,Alabama,13887,13842,13963
050,01,009,00000,00000,00000,0,A,Blount County,Alabama,59134,59081,59041
157,01,009,01396,00000,00000,1,A,Allgood town,Alabama,544,543,545
157,01,009,01660,00000,00000,1,A,Altoona town (pt.),Alabama,41,41,41
157,01,009,07456,00000,00000,1,A,Blountsville town,Alabama,1832,1829,1827
157,01,009,15472,00000,00000,1,A,Cleveland town,Alabama,1247,1244,1243
157,01,009,17968,00000,00000,1,A,County Line town (pt.),Alabama,218,217,216
157,01,009,29032,00000,00000,1,A,Garden City town (pt.),Alabama,0,0,0
157,01,009,33640,00000,00000,1,A,Hayden town,Alabama,1336,1336,1332
157,01,009,34480,00000,00000,1,A,Highland Lake town,Alabama,413,414,415
157,01,009,43888,00000,00000,1,A,Locust Fork town,Alabama,1196,1197,1198
157,01,009,53448,00000,00000,1,A,Nectar town,Alabama,382,381,379
157,01,009,57000,00000,00000,1,A,Oneonta city,Alabama,6813,6812,6805
157,01,009,66408,00000,00000,1,A,Rosa town,Alabama,376,375,376
157,01,009,71280,00000,00000,1,A,Snead town,Alabama,1031,1029,1026
157,01,009,74160,00000,00000,1,A,Susan Moore town,Alabama,789,788,789
157,01,009,76680,00000,00000,1,A,Trafford town (pt.),Alabama,0,0,0
157,01,009,99990,00000,00000,1,F,Balance of Blount County,Alabama,42916,42875,42849
050,01,011,00000,00000,00000,0,A,Bullock County,Alabama,10357,10309,10320
157,01,011,48424,00000,00000,1,A,Midway town,Alabama,419,416,420
157,01,011,77880,00000,00000,1,A,Union Springs city,Alabama,3348,3327,3314
157,01,011,99990,00000,00000,1,F,Balance of Bullock County,Alabama,6590,6566,6586
050,01,013,00000,00000,00000,0,A,Butler County,Alabama,19051,19045,18884
157,01,013,29560,00000,00000,1,A,Georgiana town,Alabama,1328,1327,1315
157,01,013,31912,00000,00000,1,A,Greenville city,Alabama,7357,7350,7263
157,01,013,45496,00000,00000,1,A,McKenzie town (pt.),Alabama,496,496,492
157,01,013,99990,00000,00000,1,F,Balance of Butler County,Alabama,9870,9872,9814
050,01,015,00000,00000,00000,0,A,Calhoun County,Alabama,116441,116266,115972
157,01,015,01852,00000,00000,1,A,Anniston city,Alabama,21366,21308,21157
157,01,015,29992,00000,00000,1,A,Glencoe city (pt.),Alabama,18,18,18
157,01,015,35152,00000,00000,1,A,Hobson City town,Alabama,773,772,768
157,01,015,38272,00000,00000,1,A,Jacksonville city,Alabama,13101,13089,13057
157,01,015,56472,00000,00000,1,A,Ohatchee town,Alabama,1180,1179,1191
157,01,015,57576,00000,00000,1,A,Oxford city (pt.),Alabama,17797,17788,17824
157,01,015,59640,00000,00000,1,A,Piedmont city (pt.),Alabama,4853,4841,4810
157,01,015,71832,00000,00000,1,A,Southside city (pt.),Alabama,169,168,170
157,01,015,80352,00000,00000,1,A,Weaver city,Alabama,3416,3408,3401
157,01,015,99990,00000,00000,1,F,Balance of Calhoun County,Alabama,53768,53695,53576
050,01,017,00000,00000,00000,0,A,Chambers County,Alabama,34772,34678,34541
157,01,017,19216,00000,00000,1,A,Cusseta town,Alabama,152,151,151
157,01,017,26200,00000,00000,1,A,Five Points town,Alabama,119,119,118
157,01,017,40672,00000,00000,1,A,La Fayette city,Alabama,2607,2597,2588
157,01,017,41296,00000,00000,1,A,Lanett city,Alabama,6859,6830,6773
157,01,017,78204,00000,00000,1,A,Valley city,Alabama,10562,10551,10513
157,01,017,80256,00000,00000,1,A,Waverly town (pt.),Alabama,96,96,95
157,01,017,99990,00000,00000,1,F,Balance of Chambers County,Alabama,14377,14334,14303
050,01,019,00000,00000,00000,0,A,Cherokee County,Alabama,24971,24958,24996
157,01,019,12760,00000,00000,1,A,Cedar Bluff town,Alabama,1848,1849,1864
157,01,019,13648,00000,00000,1,A,Centre city,Alabama,3508,3510,3528
157,01,019,16600,00000,00000,1,A,Collinsville town (pt.),Alabama,12,12,12
157,01,019,29296,00000,00000,1,A,Gaylesville town,Alabama,173,172,172
157,01,019,42016,00000,00000,1,A,Leesburg town,Alabama,916,916,915
157,01,019,59640,00000,00000,1,A,Piedmont city (pt.),Alabama,0,0,0
157,01,019,67920,00000,00000,1,A,Sand Rock town (pt.),Alabama,566,565,563
157,01,019,99990,00000,00000,1,F,Balance of Cherokee County,Alabama,17948,17934,17942
050,01,021,00000,00000,00000,0,A,Chilton County,Alabama,45014,45024,45274
157,01,021,11416,00000,00000,1,A,Calera city (pt.),Alabama,84,84,88
157,01,021,15136,00000,00000,1,A,Clanton city,Alabama,8731,8725,8762
157,01,021,38608,00000,00000,1,A,Jemison city,Alabama,2633,2638,2650
157,01,021,46504,00000,00000,1,A,Maplesville town,Alabama,640,639,641
157,01,021,76080,00000,00000,1,A,Thorsby town,Alabama,2067,2069,2093
157,01,021,99990,00000,00000,1,F,Balance of Chilton County,Alabama,30859,30869,31040
050,01,023,00000,00000,00000,0,A,Choctaw County,Alabama,12665,12619,12533
157,01,023,11032,00000,00000,1,A,Butler town,Alabama,1902,1894,1870
157,01,023,29704,00000,00000,1,A,Gilbertown town,Alabama,737,733,727
157,01,023,43384,00000,00000,1,A,Lisman town,Alabama,425,423,421
157,01,023,53472,00000,00000,1,A,Needham town,Alabama,74,73,73
157,01,023,58968,00000,00000,1,A,Pennington town,Alabama,332,331,330
157,01,023,70416,00000,00000,1,A,Silas town,Alabama,376,374,371
157,01,023,76632,00000,00000,1,A,Toxey town,Alabama,146,146,144
157,01,023,99990,00000,00000,1,F,Balance of Choctaw County,Alabama,8673,8645,8597
050,01,025,00000,00000,00000,0,A,Clarke County,Alabama,23087,22995,22760
157,01,025,16264,00000,00000,1,A,Coffeeville town,Alabama,265,264,262
157,01,025,28504,00000,00000,1,A,Fulton town,Alabama,226,225,221
157,01,025,32080,00000,00000,1,A,Grove Hill town,Alabama,1791,1782,1757
157,01,025,38152,00000,00000,1,A,Jackson city,Alabama,4735,4713,4644
157,01,025,75960,00000,00000,1,A,Thomasville city,Alabama,3594,3578,3548
157,01,025,99990,00000,00000,1,F,Balance of Clarke County,Alabama,12476,12433,12328
050,01,027,00000,00000,00000,0,A,Clay County,Alabama,14236,14193,14190
157,01,027,02860,00000,00000,1,A,Ashland town,Alabama,1984,1976,1969
157,01,027,43264,00000,00000,1,A,Lineville city,Alabama,2487,2479,2474
157,01,027,99990,00000,00000,1,F,Balance of Clay County,Alabama,9765,9738,9747
050,01,029,00000,00000,00000,0,A,Cleburne County,Alabama,15056,15035,15103
157,01,029,23176,00000,00000,1,A,Edwardsville town,Alabama,205,205,205
157,01,029,28432,00000,00000,1,A,Fruithurst town,Alabama,238,237,239
157,01,029,33976,00000,00000,1,A,Heflin city,Alabama,3405,3398,3400
157,01,029,63408,00000,00000,1,A,Ranburne town,Alabama,421,420,420
157,01,029,99990,00000,00000,1,F,Balance of Cleburne County,Alabama,10787,10775,10839
050,01,031,00000,00000,00000,0,A,Coffee County,Alabama,53465,53565,54174
157,01,031,23296,00000,00000,1,A,Elba city,Alabama,3409,3404,3401
157,01,031,24184,00000,00000,1,A,Enterprise city (pt.),Alabama,28140,28249,28769
157,01,031,40096,00000,00000,1,A,Kinston town,Alabama,586,585,587
157,01,031,53856,00000,00000,1,A,New Brockton town,Alabama,1414,1421,1437
157,01,031,99990,00000,00000,1,F,Balance of Coffee County,Alabama,19916,19906,19980
050,01,033,00000,00000,00000,0,A,Colbert County,Alabama,57227,57236,57474
157,01,033,14152,00000,00000,1,A,Cherokee town,Alabama,969,968,963
157,01,033,42160,00000,00000,1,A,Leighton town,Alabama,664,662,662
157,01,033,43648,00000,00000,1,A,Littleville town,Alabama,1040,1039,1040
157,01,033,53016,00000,00000,1,A,Muscle Shoals city,Alabama,16273,16324,16618
157,01,033,69648,00000,00000,1,A,Sheffield city,Alabama,9406,9387,9337
157,01,033,77280,00000,00000,1,A,Tuscumbia city,Alabama,9060,9055,9068
157,01,033,99990,00000,00000,1,F,Balance of Colbert County,Alabama,19815,19801,19786
050,01,035,00000,00000,00000,0,A,Conecuh County,Alabama,11597,11552,11328
157,01,035,12496,00000,00000,1,A,Castleberry town,Alabama,494,491,480
157,01,035,24808,00000,00000,1,A,Evergreen city,Alabama,3445,3432,3370
157,01,035,45496,00000,00000,1,A,McKenzie town (pt.),Alabama,11,11,11
157,01,035,64368,00000,00000,1,A,Repton town,Alabama,239,238,234
157,01,035,99990,00000,00000,1,F,Balance of Conecuh County,Alabama,7408,7380,7233
050,01,037,00000,00000,00000,0,A,Coosa County,Alabama,10387,10383,10450
157,01,037,30640,00000,00000,1,A,Goodwater town,Alabama,1282,1281,1281
157,01,037,39472,00000,00000,1,A,Kellyton town,Alabama,129,128,129
157,01,037,65472,00000,00000,1,A,Rockford town,Alabama,349,349,351
157,01,037,99990,00000,00000,1,F,Balance of Coosa County,Alabama,8627,8625,8689
050,01,039,00000,00000,00000,0,A,Covington County,Alabama,37570,37469,37524
157,01,039,01708,00000,00000,1,A,Andalusia city,Alabama,8739,8731,8715
157,01,039,03556,00000,00000,1,A,Babbie town,Alabama,631,631,633
157,01,039,12160,00000,00000,1,A,Carolina town,Alabama,289,288,290
157,01,039,26848,00000,00000,1,A,Florala town,Alabama,1915,1908,1906
157,01,039,28936,00000,00000,1,A,Gantt town,Alabama,197,197,198
157,01,039,33904,00000,00000,1,A,Heath town,Alabama,237,236,238
157,01,039,36088,00000,00000,1,A,Horn Hill town,Alabama,209,208,209
157,01,039,42808,00000,00000,1,A,Libertyville town,Alabama,110,109,109
157,01,039,43816,00000,00000,1,A,Lockhart town,Alabama,447,445,445
157,01,039,57024,00000,00000,1,A,Onycha town,Alabama,167,167,168
157,01,039,57120,00000,00000,1,A,Opp city,Alabama,6693,6665,6653
157,01,039,63768,00000,00000,1,A,Red Level town,Alabama,433,431,431
157,01,039,64776,00000,00000,1,A,River Falls town,Alabama,483,483,485
157,01,039,68016,00000,00000,1,A,Sanford town,Alabama,257,256,258
157,01,039,99990,00000,00000,1,F,Balance of Covington County,Alabama,16763,16714,16786
050,01,041,00000,00000,00000,0,A,Crenshaw County,Alabama,13194,13157,13083
157,01,041,09016,00000,00000,1,A,Brantley town,Alabama,819,816,807
157,01,041,21448,00000,00000,1,A,Dozier town,Alabama,291,290,287
157,01,041,30160,00000,00000,1,A,Glenwood town,Alabama,152,151,152
157,01,041,44728,00000,00000,1,A,Luverne city,Alabama,2711,2702,2680
157,01,041,59328,00000,00000,1,A,Petrey town,Alabama,66,66,66
157,01,041,67176,00000,00000,1,A,Rutledge town,Alabama,355,354,350
157,01,041,99990,00000,00000,1,F,Balance of Crenshaw County,Alabama,8800,8778,8741
050,01,043,00000,00000,00000,0,A,Cullman County,Alabama,87866,88044,89496
157,01,043,02116,00000,00000,1,A,Arab city (pt.),Alabama,28,28,28
157,01,043,03676,00000,00000,1,A,Baileyton town,Alabama,651,651,660
157,01,043,05812,00000,00000,1,A,Berlin town,Alabama,488,491,498
157,01,043,16684,00000,00000,1,A,Colony town,Alabama,265,265,270
157,01,043,18976,00000,00000,1,A,Cullman city,Alabama,18112,18215,18635
157,01,043,20955,00000,00000,1,A,Dodge City town,Alabama,554,554,562
157,01,043,25384,00000,00000,1,A,Fairview town,Alabama,543,543,548
157,01,043,29032,00000,00000,1,A,Garden City town (pt.),Alabama,528,528,534
157,01,043,30496,00000,00000,1,A,Good Hope city,Alabama,2491,2496,2548
157,01,043,32968,00000,00000,1,A,Hanceville city,Alabama,3156,3170,3215
157,01,043,35560,00000,00000,1,A,Holly Pond town,Alabama,845,845,857
157,01,043,71900,00000,00000,1,A,South Vinemont town,Alabama,561,561,574
157,01,043,81528,00000,00000,1,A,West Point town,Alabama,593,593,601
157,01,043,99990,00000,00000,1,F,Balance of Cullman County,Alabama,59051,59104,59966
050,01,045,00000,00000,00000,0,A,Dale County,Alabama,49326,49214,49342
157,01,045,02428,00000,00000,1,A,Ariton town,Alabama,656,654,655
157,01,045,15304,00000,00000,1,A,Clayhatchee town,Alabama,468,467,470
157,01,045,19360,00000,00000,1,A,Daleville city,Alabama,4859,4848,4862
157,01,045,21184,00000,00000,1,A,Dothan city (pt.),Alabama,1522,1521,1535
157,01,045,24184,00000,00000,1,A,Enterprise city (pt.),Alabama,612,615,626
157,01,045,32056,00000,00000,1,A,Grimes town,Alabama,574,572,576
157,01,045,42472,00000,00000,1,A,Level Plains town,Alabama,1825,1819,1821
157,01,045,48400,00000,00000,1,A,Midland City town,Alabama,2241,2243,2264
157,01,045,53256,00000,00000,1,A,Napier Field town,Alabama,409,408,409
157,01,045,54480,00000,00000,1,A,Newton town,Alabama,1602,1599,1607
157,01,045,57648,00000,00000,1,A,Ozark city,Alabama,14373,14327,14313
157,01,045,59832,00000,00000,1,A,Pinckard town,Alabama,583,581,587
157,01,045,99990,00000,00000,1,F,Balance of Dale County,Alabama,19602,19560,19617
050,01,047,00000,00000,00000,0,A,Dallas County,Alabama,38462,38190,37619
157,01,047,57240,00000,00000,1,A,Orrville town,Alabama,149,148,145
157,01,047,69120,00000,00000,1,A,Selma city,Alabama,18102,17960,17625
157,01,047,78232,00000,00000,1,A,Valley Grande city,Alabama,4153,4127,4079
157,01,047,99990,00000,00000,1,F,Balance of Dallas County,Alabama,16058,15955,15770
050,01,049,00000,00000,00000,0,A,DeKalb County,Alabama,71608,71630,71813
157,01,049,16600,00000,00000,1,A,Collinsville town (pt.),Alabama,2018,2017,2017
157,01,049,18856,00000,00000,1,A,Crossville town,Alabama,1811,1810,1810
157,01,049,27616,00000,00000,1,A,Fort Payne city,Alabama,14825,14823,14834
157,01,049,28672,00000,00000,1,A,Fyffe town,Alabama,964,963,963
157,01,049,29608,00000,00000,1,A,Geraldine town,Alabama,911,910,910
157,01,049,32896,00000,00000,1,A,Hammondville town,Alabama,428,428,429
157,01,049,34096,00000,00000,1,A,Henagar city,Alabama,2302,2303,2298
157,01,049,37312,00000,00000,1,A,Ider town,Alabama,734,735,739
157,01,049,40888,00000,00000,1,A,Lakeview town,Alabama,160,160,160
157,01,049,48064,00000,00000,1,A,Mentone town,Alabama,320,320,321
157,01,049,60372,00000,00000,1,A,Pine Ridge town,Alabama,265,264,264
157,01,049,62075,00000,00000,1,A,Powell town,Alabama,880,879,882
157,01,049,63336,00000,00000,1,A,Rainsville city,Alabama,5512,5524,5604
157,01,049,67920,00000,00000,1,A,Sand Rock town (pt.),Alabama,31,31,31
157,01,049,69840,00000,00000,1,A,Shiloh town,Alabama,324,324,323
157,01,049,74400,00000,00000,1,A,Sylvania town,Alabama,1794,1795,1800
157,01,049,78240,00000,00000,1,A,Valley Head town,Alabama,579,579,582
157,01,049,99990,00000,00000,1,F,Balance of DeKalb County,Alabama,37750,37765,37846
050,01,051,00000,00000,00000,0,A,Elmore County,Alabama,87977,88116,89304
157,01,051,17176,00000,00000,1,A,Coosada town,Alabama,1237,1238,1257
157,01,051,20008,00000,00000,1,A,Deatsville town,Alabama,1706,1710,1730
157,01,051,22816,00000,00000,1,A,Eclectic town,Alabama,1214,1214,1224
157,01,051,23656,00000,00000,1,A,Elmore town,Alabama,1279,1285,1335
157,01,051,48712,00000,00000,1,A,Millbrook city (pt.),Alabama,16447,16478,16821
157,01,051,62328,00000,00000,1,A,Prattville city (pt.),Alabama,1918,1925,1979
157,01,051,74688,00000,00000,1,A,Tallassee city (pt.),Alabama,3156,3157,3185
157,01,051,81720,00000,00000,1,A,Wetumpka city,Alabama,7049,7065,7190
157,01,051,99990,00000,00000,1,F,Balance of Elmore County,Alabama,53971,54044,54583
050,01,053,00000,00000,00000,0,A,Escambia County,Alabama,36757,36665,36699
157,01,053,03004,00000,00000,1,A,Atmore city,Alabama,8568,8548,8542
157,01,053,09208,00000,00000,1,A,Brewton city,Alabama,5288,5271,5261
157,01,053,22216,00000,00000,1,A,East Brewton city,Alabama,2278,2271,2266
157,01,053,26824,00000,00000,1,A,Flomaton town,Alabama,1454,1449,1452
157,01,053,61536,00000,00000,1,A,Pollard town,Alabama,124,124,123
157,01,053,65016,00000,00000,1,A,Riverview town,Alabama,160,159,161
157,01,053,99990,00000,00000,1,F,Balance of Escambia County,Alabama,18885,18843,18894
050,01,055,00000,00000,00000,0,A,Etowah County,Alabama,103436,103393,103162
157,01,055,01660,00000,00000,1,A,Altoona town (pt.),Alabama,913,912,910
157,01,055,03028,00000,00000,1,A,Attalla city,Alabama,5843,5838,5839
157,01,055,07912,00000,00000,1,A,Boaz city (pt.),Alabama,1105,1104,1106
157,01,055,28696,00000,00000,1,A,Gadsden city,Alabama,34070,34019,33769
157,01,055,29992,00000,00000,1,A,Glencoe city (pt.),Alabama,5402,5400,5394
157,01,055,35392,00000,00000,1,A,Hokes Bluff city,Alabama,4420,4419,4435
157,01,055,63288,00000,00000,1,A,Rainbow City city,Alabama,10167,10158,10154
157,01,055,63984,00000,00000,1,A,Reece City town,Alabama,614,613,610
157,01,055,64656,00000,00000,1,A,Ridgeville town,Alabama,85,85,84
157,01,055,68280,00000,00000,1,A,Sardis City town (pt.),Alabama,1804,1803,1792
157,01,055,71832,00000,00000,1,A,Southside city (pt.),Alabama,9211,9238,9295
157,01,055,79728,00000,00000,1,A,Walnut Grove town,Alabama,773,773,773
157,01,055,99990,00000,00000,1,F,Balance of Etowah County,Alabama,29029,29031,29001
050,01,057,00000,00000,00000,0,A,Fayette County,Alabama,16321,16307,16148
157,01,057,05164,00000,00000,1,A,Belk town,Alabama,189,188,188
157,01,057,05932,00000,00000,1,A,Berry town,Alabama,1217,1215,1204
157,01,057,25840,00000,00000,1,A,Fayette city,Alabama,4247,4239,4185
157,01,057,29944,00000,00000,1,A,Glen Allen town (pt.),Alabama,376,375,373
157,01,057,32536,00000,00000,1,A,Gu-Win town (pt.),Alabama,0,0,0
157,01,057,82992,00000,00000,1,A,Winfield city (pt.),Alabama,729,733,724
157,01,057,99990,00000,00000,1,F,Balance of Fayette County,Alabama,9563,9557,9474
050,01,059,00000,00000,00000,0,A,Franklin County,Alabama,32113,32063,32013
157,01,059,35200,00000,00000,1,A,Hodges town,Alabama,265,264,263
157,01,059,59496,00000,00000,1,A,Phil Campbell town,Alabama,990,988,988
157,01,059,63576,00000,00000,1,A,Red Bay city,Alabama,3197,3191,3184
157,01,059,67056,00000,00000,1,A,Russellville city,Alabama,10828,10810,10789
157,01,059,78984,00000,00000,1,A,Vina town,Alabama,327,326,325
157,01,059,99990,00000,00000,1,F,Balance of Franklin County,Alabama,16506,16484,16464
050,01,061,00000,00000,00000,0,A,Geneva County,Alabama,26659,26675,26701
157,01,061,07120,00000,00000,1,A,Black town,Alabama,225,225,226
157,01,061,16240,00000,00000,1,A,Coffee Springs town,Alabama,207,206,208
157,01,061,29464,00000,00000,1,A,Geneva city,Alabama,4202,4201,4185
157,01,061,33424,00000,00000,1,A,Hartford city,Alabama,2632,2636,2651
157,01,061,46264,00000,00000,1,A,Malvern town,Alabama,1538,1539,1543
157,01,061,67800,00000,00000,1,A,Samson city,Alabama,1864,1864,1860
157,01,061,71040,00000,00000,1,A,Slocomb city,Alabama,2085,2089,2094
157,01,061,75096,00000,00000,1,A,Taylor town (pt.),Alabama,7,7,7
157,01,061,99990,00000,00000,1,F,Balance of Geneva County,Alabama,13899,13908,13927
050,01,063,00000,00000,00000,0,A,Greene County,Alabama,7730,7704,7629
157,01,063,08104,00000,00000,1,A,Boligee town,Alabama,302,301,297
157,01,063,24664,00000,00000,1,A,Eutaw town,Alabama,2908,2895,2859
157,01,063,27376,00000,00000,1,A,Forkland town,Alabama,446,446,444
157,01,063,77616,00000,00000,1,A,Union town,Alabama,179,178,176
157,01,063,99990,00000,00000,1,F,Balance of Greene County,Alabama,3895,3884,3853
050,01,065,00000,00000,00000,0,A,Hale County,Alabama,14785,14792,14754
157,01,065,00676,00000,00000,1,A,Akron town,Alabama,227,227,226
157,01,065,31720,00000,00000,1,A,Greensboro city,Alabama,2214,2211,2195
157,01,065,51648,00000,00000,1,A,Moundville town (pt.),Alabama,1782,1787,1812
157,01,065,53784,00000,00000,1,A,Newbern town,Alabama,132,132,131
157,01,065,99990,00000,00000,1,F,Balance of Hale County,Alabama,10430,10435,10390
050,01,067,00000,00000,00000,0,A,Henry County,Alabama,17146,17167,17459
157,01,067,00124,00000,00000,1,A,Abbeville city,Alabama,2368,2368,2379
157,01,067,21184,00000,00000,1,A,Dothan city (pt.),Alabama,1,1,1
157,01,067,32656,00000,00000,1,A,Haleburg town,Alabama,114,114,115
157,01,067,33856,00000,00000,1,A,Headland city,Alabama,4965,4976,5145
157,01,067,54600,00000,00000,1,A,Newville town,Alabama,543,543,549
157,01,067,99990,00000,00000,1,F,Balance of Henry County,Alabama,9155,9165,9270
050,01,069,00000,00000,00000,0,A,Houston County,Alabama,107202,107190,107458
157,01,069,02836,00000,00000,1,A,Ashford town,Alabama,2239,2239,2247
157,01,069,03364,00000,00000,1,A,Avon town,Alabama,463,464,466
157,01,069,16744,00000,00000,1,A,Columbia town,Alabama,690,689,690
157,01,069,17824,00000,00000,1,A,Cottonwood town,Alabama,1048,1046,1046
157,01,069,18088,00000,00000,1,A,Cowarts town,Alabama,1923,1927,1953
157,01,069,21184,00000,00000,1,A,Dothan city (pt.),Alabama,69659,69632,69639
157,01,069,30760,00000,00000,1,A,Gordon town,Alabama,291,291,292
157,01,069,40072,00000,00000,1,A,Kinsey town,Alabama,2194,2197,2243
157,01,069,45904,00000,00000,1,A,Madrid town,Alabama,265,264,265
157,01,069,64152,00000,00000,1,A,Rehobeth town,Alabama,1783,1790,1821
157,01,069,75096,00000,00000,1,A,Taylor town (pt.),Alabama,2248,2249,2261
157,01,069,80376,00000,00000,1,A,Webb town,Alabama,1275,1275,1283
157,01,069,99990,00000,00000,1,F,Balance of Houston County,Alabama,23124,23127,23252
050,01,071,00000,00000,00000,0,A,Jackson County,Alabama,52579,52519,52773
157,01,071,09328,00000,00000,1,A,Bridgeport city,Alabama,2262,2258,2257
157,01,071,21952,00000,00000,1,A,Dutton town,Alabama,329,329,333
157,01,071,35632,00000,00000,1,A,Hollywood town,Alabama,913,915,918
157,01,071,37264,00000,00000,1,A,Hytop town,Alabama,441,441,443
157,01,071,41368,00000,00000,1,A,Langston town,Alabama,267,267,268
157,01,071,57696,00000,00000,1,A,Paint Rock town,Alabama,181,181,181
157,01,071,60720,00000,00000,1,A,Pisgah town,Alabama,681,679,682
157,01,071,61038,00000,00000,1,A,Pleasant Groves town,Alabama,426,426,426
157,01,071,68736,00000,00000,1,A,Scottsboro city,Alabama,15573,15551,15640
157,01,071,69000,00000,00000,1,A,Section town,Alabama,760,758,763
157,01,071,70896,00000,00000,1,A,Skyline town,Alabama,831,831,837
157,01,071,73080,00000,00000,1,A,Stevenson city,Alabama,1959,1957,1960
157,01,071,83664,00000,00000,1,A,Woodville town,Alabama,747,745,748
157,01,071,99990,00000,00000,1,F,Balance of Jackson County,Alabama,27209,27181,27317
050,01,073,00000,00000,00000,0,A,Jefferson County,Alabama,674721,673341,667820
157,01,073,00460,00000,00000,1,A,Adamsville city,Alabama,4372,4356,4294
157,01,073,02320,00000,00000,1,A,Argo town (pt.),Alabama,61,61,60
157,01,073,05980,00000,00000,1,A,Bessemer city,Alabama,26044,25970,25615
157,01,073,07000,00000,00000,1,A,Birmingham city (pt.),Alabama,198855,198224,195669
157,01,073,09400,00000,00000,1,A,Brighton city,Alabama,2337,2328,2299
157,01,073,09736,00000,00000,1,A,Brookside town,Alabama,1249,1246,1232
157,01,073,12040,00000,00000,1,A,Cardiff town,Alabama,53,53,52
157,01,073,13264,00000,00000,1,A,Center Point city,Alabama,16421,16374,16137
157,01,073,15256,00000,00000,1,A,Clay city (pt.),Alabama,10300,10317,10310
157,01,073,17968,00000,00000,1,A,County Line town (pt.),Alabama,96,96,95
157,01,073,25120,00000,00000,1,A,Fairfield city,Alabama,10009,9975,9832
157,01,073,28552,00000,00000,1,A,Fultondale city,Alabama,9887,9880,9789
157,01,073,29056,00000,00000,1,A,Gardendale city,Alabama,16064,16037,16444
157,01,073,31384,00000,00000,1,A,Graysville city,Alabama,1949,1941,1915
157,01,073,34024,00000,00000,1,A,Helena city (pt.),Alabama,2496,2504,2537
157,01,073,35800,00000,00000,1,A,Homewood city,Alabama,26388,26323,26054
157,01,073,35896,00000,00000,1,A,Hoover city (pt.),Alabama,66016,65985,65721
157,01,073,36448,00000,00000,1,A,Hueytown city,Alabama,16806,16752,16531
157,01,073,37864,00000,00000,1,A,Irondale city,Alabama,13498,13508,13518
157,01,073,39856,00000,00000,1,A,Kimberly city,Alabama,3845,3858,3946
157,01,073,40928,00000,00000,1,A,Lake View town (pt.),Alabama,308,310,315
157,01,073,41968,00000,00000,1,A,Leeds city (pt.),Alabama,10177,10160,10079
157,01,073,43336,00000,00000,1,A,Lipscomb city,Alabama,2086,2080,2049
157,01,073,47728,00000,00000,1,A,Maytown town,Alabama,317,316,312
157,01,073,48376,00000,00000,1,A,Midfield city,Alabama,5215,5195,5115
157,01,073,51456,00000,00000,1,A,Morris town,Alabama,2257,2262,2254
157,01,073,51696,00000,00000,1,A,Mountain Brook city,Alabama,22471,22409,22158
157,01,073,52776,00000,00000,1,A,Mulga town,Alabama,788,785,777
157,01,073,55152,00000,00000,1,A,North Johns town,Alabama,127,127,127
157,01,073,60648,00000,00000,1,A,Pinson city,Alabama,7269,7252,7183
157,01,073,61008,00000,00000,1,A,Pleasant Grove city,Alabama,9552,9536,9495
157,01,073,73848,00000,00000,1,A,Sumiton city (pt.),Alabama,20,20,20
157,01,073,74424,00000,00000,1,A,Sylvan Springs town,Alabama,1655,1650,1631
157,01,073,74976,00000,00000,1,A,Tarrant city,Alabama,6120,6098,6005
157,01,073,76680,00000,00000,1,A,Trafford town (pt.),Alabama,620,618,608
157,01,073,76944,00000,00000,1,A,Trussville city (pt.),Alabama,24176,24223,24356
157,01,073,78552,00000,00000,1,A,Vestavia Hills city (pt.),Alabama,39136,39059,38771
157,01,073,79944,00000,00000,1,A,Warrior city,Alabama,3224,3219,3204
157,01,073,81336,00000,00000,1,A,West Jefferson town,Alabama,417,416,417
157,01,073,99990,00000,00000,1,F,Balance of Jefferson County,Alabama,112040,111818,110894
050,01,075,00000,00000,00000,0,A,Lamar County,Alabama,13972,13943,13689
157,01,075,04948,00000,00000,1,A,Beaverton town,Alabama,186,185,183
157,01,075,20392,00000,00000,1,A,Detroit town,Alabama,230,230,225
157,01,075,39520,00000,00000,1,A,Kennedy town,Alabama,437,436,427
157,01,075,48808,00000,00000,1,A,Millport town,Alabama,1007,1004,982
157,01,075,73728,00000,00000,1,A,Sulligent city,Alabama,1875,1871,1838
157,01,075,78480,00000,00000,1,A,Vernon city,Alabama,1921,1916,1874
157,01,075,99990,00000,00000,1,F,Balance of Lamar County,Alabama,8316,8301,8160
050,01,077,00000,00000,00000,0,A,Lauderdale County,Alabama,93564,93610,94043
157,01,077,01756,00000,00000,1,A,Anderson town,Alabama,255,255,256
157,01,077,26896,00000,00000,1,A,Florence city,Alabama,39783,39803,39933
157,01,077,39784,00000,00000,1,A,Killen town,Alabama,1038,1037,1040
157,01,077,42640,00000,00000,1,A,Lexington town,Alabama,735,735,737
157,01,077,66216,00000,00000,1,A,Rogersville town,Alabama,1297,1303,1336
157,01,077,67536,00000,00000,1,A,St. Florian town,Alabama,611,615,658
157,01,077,80064,00000,00000,1,A,Waterloo town,Alabama,182,183,184
157,01,077,99990,00000,00000,1,F,Balance of Lauderdale County,Alabama,49663,49679,49899
050,01,079,00000,00000,00000,0,A,Lawrence County,Alabama,33073,33063,33090
157,01,079,18040,00000,00000,1,A,Courtland town,Alabama,585,584,584
157,01,079,34816,00000,00000,1,A,Hillsboro town,Alabama,410,410,409
157,01,079,51600,00000,00000,1,A,Moulton city,Alabama,3366,3363,3358
157,01,079,55044,00000,00000,1,A,North Courtland town,Alabama,483,482,484
157,01,079,76584,00000,00000,1,A,Town Creek town,Alabama,1055,1054,1053
157,01,079,76872,00000,00000,1,A,Trinity town (pt.),Alabama,3,3,3
157,01,079,99990,00000,00000,1,F,Balance of Lawrence County,Alabama,27171,27167,27199
050,01,081,00000,00000,00000,0,A,Lee County,Alabama,174241,174601,177218
157,01,081,03076,00000,00000,1,A,Auburn city,Alabama,76000,76429,78564
157,01,081,43744,00000,00000,1,A,Loachapoka town,Alabama,162,161,161
157,01,081,55440,00000,00000,1,A,Notasulga town (pt.),Alabama,52,52,51
157,01,081,57048,00000,00000,1,A,Opelika city,Alabama,31039,31073,31538
157,01,081,59472,00000,00000,1,A,Phenix City city (pt.),Alabama,6786,6760,6716
157,01,081,71190,00000,00000,1,A,Smiths Station city,Alabama,5402,5391,5381
157,01,081,80256,00000,00000,1,A,Waverly town (pt.),Alabama,58,58,57
157,01,081,99990,00000,00000,1,F,Balance of Lee County,Alabama,54742,54677,54750
050,01,083,00000,00000,00000,0,A,Limestone County,Alabama,103570,104322,107517
157,01,083,02260,00000,00000,1,A,Ardmore town,Alabama,1327,1335,1370
157,01,083,02956,00000,00000,1,A,Athens city,Alabama,25420,25686,27027
157,01,083,20104,00000,00000,1,A,Decatur city (pt.),Alabama,55,56,59
157,01,083,23488,00000,00000,1,A,Elkmont town,Alabama,417,419,429
157,01,083,37000,00000,00000,1,A,Huntsville city (pt.),Alabama,4403,4443,4601
157,01,083,42352,00000,00000,1,A,Lester town,Alabama,109,110,112
157,01,083,45784,00000,00000,1,A,Madison city (pt.),Alabama,11260,11362,11791
157,01,083,51264,00000,00000,1,A,Mooresville town,Alabama,44,44,45
157,01,083,99990,00000,00000,1,F,Balance of Limestone County,Alabama,60535,60867,62083
050,01,085,00000,00000,00000,0,A,Lowndes County,Alabama,10311,10297,9965
157,01,085,05692,00000,00000,1,A,Benton town,Alabama,40,40,39
157,01,085,27520,00000,00000,1,A,Fort Deposit town,Alabama,1236,1235,1194
157,01,085,30808,00000,00000,1,A,Gordonville town,Alabama,247,246,239
157,01,085,33712,00000,00000,1,A,Hayneville town,Alabama,808,806,778
157,01,085,44536,00000,00000,1,A,Lowndesboro town,Alabama,88,88,84
157,01,085,51520,00000,00000,1,A,Mosses town,Alabama,841,841,814
157,01,085,81912,00000,00000,1,A,White Hall town,Alabama,814,812,785
157,01,085,99990,00000,00000,1,F,Balance of Lowndes County,Alabama,6237,6229,6032
050,01,087,00000,00000,00000,0,A,Macon County,Alabama,19532,19476,18895
157,01,087,28024,00000,00000,1,A,Franklin town,Alabama,603,600,583
157,01,087,55440,00000,00000,1,A,Notasulga town (pt.),Alabama,886,887,865
157,01,087,70128,00000,00000,1,A,Shorter town,Alabama,395,394,380
157,01,087,77304,00000,00000,1,A,Tuskegee city,Alabama,9181,9149,8870
157,01,087,99990,00000,00000,1,F,Balance of Macon County,Alabama,8467,8446,8197
050,01,089,00000,00000,00000,0,A,Madison County,Alabama,388153,389696,395211
157,01,089,32440,00000,00000,1,A,Gurley town,Alabama,824,824,825
157,01,089,37000,00000,00000,1,A,Huntsville city (pt.),Alabama,209966,210597,212359
157,01,089,45784,00000,00000,1,A,Madison city (pt.),Alabama,45864,46027,46566
157,01,089,54168,00000,00000,1,A,New Hope city,Alabama,2897,2898,2891
157,01,089,57504,00000,00000,1,A,Owens Cross Roads town,Alabama,2596,2622,2635
157,01,089,76824,00000,00000,1,A,Triana town,Alabama,2907,3012,3396
157,01,089,99990,00000,00000,1,F,Balance of Madison County,Alabama,123099,123716,126539
050,01,091,00000,00000,00000,0,A,Marengo County,Alabama,19323,19264,18996
157,01,091,19912,00000,00000,1,A,Dayton town,Alabama,29,29,28
157,01,091,20296,00000,00000,1,A,Demopolis city,Alabama,7163,7135,7009
157,01,091,25816,00000,00000,1,A,Faunsdale town,Alabama,85,85,83
157,01,091,43240,00000,00000,1,A,Linden city,Alabama,1926,1919,1887
157,01,091,53112,00000,00000,1,A,Myrtlewood town,Alabama,72,72,71
157,01,091,62688,00000,00000,1,A,Providence town,Alabama,168,167,166
157,01,091,74304,00000,00000,1,A,Sweet Water town,Alabama,230,229,225
157,01,091,75936,00000,00000,1,A,Thomaston town,Alabama,330,329,325
157,01,091,99990,00000,00000,1,F,Balance of Marengo County,Alabama,9320,9299,9202
050,01,093,00000,00000,00000,0,A,Marion County,Alabama,29341,29287,29246
157,01,093,04852,00000,00000,1,A,Bear Creek town,Alabama,1040,1039,1043
157,01,093,09424,00000,00000,1,A,Brilliant town,Alabama,838,835,833
157,01,093,29944,00000,00000,1,A,Glen Allen town (pt.),Alabama,53,53,53
157,01,093,32224,00000,00000,1,A,Guin city,Alabama,2193,2186,2172
157,01,093,32536,00000,00000,1,A,Gu-Win town (pt.),Alabama,141,141,142
157,01,093,32560,00000,00000,1,A,Hackleburg town,Alabama,1433,1430,1430
157,01,093,32704,00000,00000,1,A,Haleyville city (pt.),Alabama,59,59,59
157,01,093,32848,00000,00000,1,A,Hamilton city,Alabama,7031,7012,6991
157,01,093,77352,00000,00000,1,A,Twin town,Alabama,362,360,361
157,01,093,82992,00000,00000,1,A,Winfield city (pt.),Alabama,4113,4120,4105
157,01,093,99990,00000,00000,1,F,Balance of Marion County,Alabama,12078,12052,12057
050,01,095,00000,00000,00000,0,A,Marshall County,Alabama,97612,97608,98228
157,01,095,00988,00000,00000,1,A,Albertville city,Alabama,22390,22385,22522
157,01,095,02116,00000,00000,1,A,Arab city (pt.),Alabama,8420,8418,8470
157,01,095,07912,00000,00000,1,A,Boaz city (pt.),Alabama,8998,8996,9055
157,01,095,21328,00000,00000,1,A,Douglas town,Alabama,758,757,761
157,01,095,31096,00000,00000,1,A,Grant town,Alabama,1039,1038,1040
157,01,095,32416,00000,00000,1,A,Guntersville city,Alabama,8549,8570,8713
157,01,095,68280,00000,00000,1,A,Sardis City town (pt.),Alabama,6,6,6
157,01,095,77784,00000,00000,1,A,Union Grove town,Alabama,70,70,70
157,01,095,99990,00000,00000,1,F,Balance of Marshall County,Alabama,47382,47368,47591
050,01,097,00000,00000,00000,0,A,Mobile County,Alabama,414809,414250,413073
157,01,097,04684,00000,00000,1,A,Bayou La Batre city,Alabama,2202,2198,2182
157,01,097,14392,00000,00000,1,A,Chickasaw city,Alabama,6478,6458,6395
157,01,097,15064,00000,00000,1,A,Citronelle city,Alabama,3940,3932,3924
157,01,097,18304,00000,00000,1,A,Creola city,Alabama,1938,1936,1936
157,01,097,19744,00000,00000,1,A,Dauphin Island town,Alabama,1777,1785,1814
157,01,097,50000,00000,00000,1,A,Mobile city,Alabama,186833,186411,184952
157,01,097,52608,00000,00000,1,A,Mount Vernon town,Alabama,1352,1353,1362
157,01,097,62496,00000,00000,1,A,Prichard city,Alabama,19308,19259,19097
157,01,097,68160,00000,00000,1,A,Saraland city,Alabama,16194,16180,16319
157,01,097,68352,00000,00000,1,A,Satsuma city,Alabama,6758,6759,6785
157,01,097,69240,00000,00000,1,A,Semmes city,Alabama,4967,4996,5209
157,01,097,99990,00000,00000,1,F,Balance of Mobile County,Alabama,163062,162983,163098
050,01,099,00000,00000,00000,0,A,Monroe County,Alabama,19772,19723,19648
157,01,099,04900,00000,00000,1,A,Beatrice town,Alabama,203,203,203
157,01,099,24880,00000,00000,1,A,Excel town,Alabama,556,554,550
157,01,099,28312,00000,00000,1,A,Frisco City town,Alabama,1178,1174,1165
157,01,099,50192,00000,00000,1,A,Monroeville city,Alabama,5903,5885,5841
157,01,099,79272,00000,00000,1,A,Vredenburgh town,Alabama,223,222,223
157,01,099,99990,00000,00000,1,F,Balance of Monroe County,Alabama,11709,11685,11666
050,01,101,00000,00000,00000,0,A,Montgomery County,Alabama,228954,228448,227434
157,01,101,51000,00000,00000,1,A,Montgomery city,Alabama,200567,200006,198665
157,01,101,59760,00000,00000,1,A,Pike Road town,Alabama,9461,9558,9978
157,01,101,99990,00000,00000,1,F,Balance of Montgomery County,Alabama,18926,18884,18791
050,01,103,00000,00000,00000,0,A,Morgan County,Alabama,123421,123336,123668
157,01,103,20104,00000,00000,1,A,Decatur city (pt.),Alabama,57796,57721,57745
157,01,103,24688,00000,00000,1,A,Eva town,Alabama,591,590,589
157,01,103,25648,00000,00000,1,A,Falkville town,Alabama,1152,1151,1147
157,01,103,33448,00000,00000,1,A,Hartselle city,Alabama,15484,15472,15549
157,01,103,37000,00000,00000,1,A,Huntsville city (pt.),Alabama,3,3,3
157,01,103,62472,00000,00000,1,A,Priceville town,Alabama,3518,3553,3685
157,01,103,71496,00000,00000,1,A,Somerville town,Alabama,795,796,799
157,01,103,76872,00000,00000,1,A,Trinity town (pt.),Alabama,2530,2528,2539
157,01,103,99990,00000,00000,1,F,Balance of Morgan County,Alabama,41552,41522,41612
050,01,105,00000,00000,00000,0,A,Perry County,Alabama,8511,8452,8355
157,01,105,46768,00000,00000,1,A,Marion city,Alabama,3241,3219,3178
157,01,105,77904,00000,00000,1,A,Uniontown town,Alabama,2081,2064,2037
157,01,105,99990,00000,00000,1,F,Balance of Perry County,Alabama,3189,3169,3140
050,01,107,00000,00000,00000,0,A,Pickens County,Alabama,19123,19062,18801
157,01,107,01228,00000,00000,1,A,Aliceville city,Alabama,2175,2166,2123
157,01,107,12304,00000,00000,1,A,Carrollton town,Alabama,1018,1015,998
157,01,107,24472,00000,00000,1,A,Ethelsville town,Alabama,50,50,50
157,01,107,30736,00000,00000,1,A,Gordo town,Alabama,1639,1634,1612
157,01,107,45640,00000,00000,1,A,McMullen town,Alabama,29,29,28
157,01,107,48052,00000,00000,1,A,Memphis town,Alabama,26,26,25
157,01,107,59592,00000,00000,1,A,Pickensville town,Alabama,558,555,550
157,01,107,64104,00000,00000,1,A,Reform town,Alabama,1523,1518,1495
157,01,107,99990,00000,00000,1,F,Balance of Pickens County,Alabama,12105,12069,11920
050,01,109,00000,00000,00000,0,A,Pike County,Alabama,33009,32981,32991
157,01,109,03940,00000,00000,1,A,Banks town,Alabama,156,156,155
157,01,109,10240,00000,00000,1,A,Brundidge city,Alabama,2093,2087,2070
157,01,109,30880,00000,00000,1,A,Goshen town,Alabama,271,270,270
157,01,109,76920,00000,00000,1,A,Troy city,Alabama,17581,17579,17609
157,01,109,99990,00000,00000,1,F,Balance of Pike County,Alabama,12908,12889,12887
050,01,111,00000,00000,00000,0,A,Randolph County,Alabama,21967,21971,21989
157,01,111,65040,00000,00000,1,A,Roanoke city,Alabama,5295,5292,5279
157,01,111,79344,00000,00000,1,A,Wadley town,Alabama,598,598,597
157,01,111,80496,00000,00000,1,A,Wedowee town,Alabama,721,721,720
157,01,111,83400,00000,00000,1,A,Woodland town,Alabama,222,222,222
157,01,111,99990,00000,00000,1,F,Balance of Randolph County,Alabama,15131,15138,15171
050,01,113,00000,00000,00000,0,A,Russell County,Alabama,59183,59226,58722
157,01,113,37096,00000,00000,1,A,Hurtsboro town,Alabama,347,348,345
157,01,113,59472,00000,00000,1,A,Phenix City city (pt.),Alabama,32033,32023,31712
157,01,113,99990,00000,00000,1,F,Balance of Russell County,Alabama,26803,26855,26665
050,01,115,00000,00000,00000,0,A,St. Clair County,Alabama,91103,91333,92748
157,01,115,02320,00000,00000,1,A,Argo town (pt.),Alabama,4318,4320,4341
157,01,115,02908,00000,00000,1,A,Ashville city,Alabama,2314,2318,2347
157,01,115,15256,00000,00000,1,A,Clay city (pt.),Alabama,1,1,1
157,01,115,41968,00000,00000,1,A,Leeds city (pt.),Alabama,2070,2075,2089
157,01,115,46696,00000,00000,1,A,Margaret town,Alabama,5123,5181,5427
157,01,115,51096,00000,00000,1,A,Moody city,Alabama,13232,13270,13563
157,01,115,56400,00000,00000,1,A,Odenville city,Alabama,4970,4972,4999
157,01,115,58896,00000,00000,1,A,Pell City city,Alabama,12846,12898,13248
157,01,115,63216,00000,00000,1,A,Ragland town,Alabama,1697,1699,1707
157,01,115,64920,00000,00000,1,A,Riverside city,Alabama,2235,2237,2251
157,01,115,72600,00000,00000,1,A,Springville city,Alabama,4804,4825,4935
157,01,115,72888,00000,00000,1,A,Steele town,Alabama,993,993,1000
157,01,115,76944,00000,00000,1,A,Trussville city (pt.),Alabama,1984,1993,2032
157,01,115,79008,00000,00000,1,A,Vincent town (pt.),Alabama,0,0,0
157,01,115,99990,00000,00000,1,F,Balance of St. Clair County,Alabama,34516,34551,34808
050,01,117,00000,00000,00000,0,A,Shelby County,Alabama,223024,223708,226902
157,01,117,00820,00000,00000,1,A,Alabaster city,Alabama,33360,33381,33676
157,01,117,07000,00000,00000,1,A,Birmingham city (pt.),Alabama,1908,1909,1906
157,01,117,11416,00000,00000,1,A,Calera city (pt.),Alabama,16461,16588,17326
157,01,117,14104,00000,00000,1,A,Chelsea city,Alabama,15070,15175,15653
157,01,117,16768,00000,00000,1,A,Columbiana city,Alabama,4161,4181,4263
157,01,117,33256,00000,00000,1,A,Harpersville town,Alabama,1625,1630,1690
157,01,117,34024,00000,00000,1,A,Helena city (pt.),Alabama,18484,18591,19023
157,01,117,35896,00000,00000,1,A,Hoover city (pt.),Alabama,26635,26702,26868
157,01,117,37465,00000,00000,1,A,Indian Springs Village city,Alabama,2494,2494,2491
157,01,117,41968,00000,00000,1,A,Leeds city (pt.),Alabama,101,101,103
157,01,117,50312,00000,00000,1,A,Montevallo city,Alabama,6948,7002,7255
157,01,117,58848,00000,00000,1,A,Pelham city,Alabama,24400,24458,24688
157,01,117,78552,00000,00000,1,A,Vestavia Hills city (pt.),Alabama,30,30,30
157,01,117,79008,00000,00000,1,A,Vincent town (pt.),Alabama,1986,1991,1997
157,01,117,81504,00000,00000,1,A,Westover town,Alabama,1777,1787,1796
157,01,117,82848,00000,00000,1,A,Wilsonville town,Alabama,1859,1863,1873
157,01,117,82872,00000,00000,1,A,Wilton town,Alabama,592,592,592
157,01,117,99990,00000,00000,1,S,Balance of Shelby County,Alabama,65133,65233,65672
050,01,119,00000,00000,00000,0,A,Sumter County,Alabama,12345,12295,12164
157,01,119,18952,00000,00000,1,A,Cuba town,Alabama,313,311,306
157,01,119,23872,00000,00000,1,A,Emelle town,Alabama,34,34,33
157,01,119,24256,00000,00000,1,A,Epes town,Alabama,279,277,275
157,01,119,28768,00000,00000,1,A,Gainesville town,Alabama,176,175,174
157,01,119,29392,00000,00000,1,A,Geiger town,Alabama,160,159,156
157,01,119,43720,00000,00000,1,A,Livingston city,Alabama,3205,3195,3153
157,01,119,84096,00000,00000,1,A,York city,Alabama,2454,2443,2415
157,01,119,99990,00000,00000,1,F,Balance of Sumter County,Alabama,5724,5701,5652
050,01,121,00000,00000,00000,0,A,Talladega County,Alabama,82149,82069,81524
157,01,121,08248,00000,00000,1,A,Bon Air town,Alabama,171,171,168
157,01,121,14464,00000,00000,1,A,Childersburg city,Alabama,4760,4748,4689
157,01,121,43120,00000,00000,1,A,Lincoln city,Alabama,6855,6912,7082
157,01,121,52848,00000,00000,1,A,Munford town,Alabama,1347,1343,1333
157,01,121,55752,00000,00000,1,A,Oak Grove town,Alabama,559,558,553
157,01,121,57576,00000,00000,1,A,Oxford city (pt.),Alabama,4522,4518,4488
157,01,121,74352,00000,00000,1,A,Sylacauga city,Alabama,12577,12543,12373
157,01,121,74592,00000,00000,1,A,Talladega city,Alabama,15834,15796,15621
157,01,121,74616,00000,00000,1,A,Talladega Springs town,Alabama,147,147,145
157,01,121,79008,00000,00000,1,A,Vincent town (pt.),Alabama,0,0,0
157,01,121,79488,00000,00000,1,A,Waldo town,Alabama,253,253,253
157,01,121,99990,00000,00000,1,F,Balance of Talladega County,Alabama,35124,35080,34819
050,01,123,00000,00000,00000,0,A,Tallapoosa County,Alabama,41311,41229,41023
157,01,123,01132,00000,00000,1,A,Alexander City city,Alabama,14807,14761,14618
157,01,123,11680,00000,00000,1,A,Camp Hill town,Alabama,1006,1003,990
157,01,123,19336,00000,00000,1,A,Dadeville city,Alabama,3043,3034,2998
157,01,123,19816,00000,00000,1,A,Daviston town,Alabama,175,174,174
157,01,123,30448,00000,00000,1,A,Goldville town,Alabama,54,54,53
157,01,123,38248,00000,00000,1,A,Jacksons' Gap town,Alabama,750,749,753
157,01,123,54432,00000,00000,1,A,New Site town,Alabama,774,774,772
157,01,123,74688,00000,00000,1,A,Tallassee city (pt.),Alabama,1650,1643,1623
157,01,123,80256,00000,00000,1,A,Waverly town (pt.),Alabama,0,0,0
157,01,123,99990,00000,00000,1,F,Balance of Tallapoosa County,Alabama,19052,19037,19042
050,01,125,00000,00000,00000,0,A,Tuscaloosa County,Alabama,227036,227153,227007
157,01,125,09808,00000,00000,1,A,Brookwood town,Alabama,2503,2498,2473
157,01,125,16000,00000,00000,1,A,Coaling town,Alabama,2038,2033,2010
157,01,125,16312,00000,00000,1,A,Coker town,Alabama,901,899,888
157,01,125,40928,00000,00000,1,A,Lake View town (pt.),Alabama,3250,3262,3325
157,01,125,51648,00000,00000,1,A,Moundville town (pt.),Alabama,1243,1244,1260
157,01,125,55200,00000,00000,1,A,Northport city,Alabama,31119,31117,31009
157,01,125,77256,00000,00000,1,A,Tuscaloosa city,Alabama,99706,99960,100618
157,01,125,78264,00000,00000,1,A,Vance town (pt.),Alabama,2017,2052,2070
157,01,125,83640,00000,00000,1,A,Woodstock town (pt.),Alabama,131,130,138
157,01,125,99990,00000,00000,1,F,Balance of Tuscaloosa County,Alabama,84128,83958,83216
050,01,127,00000,00000,00000,0,A,Walker County,Alabama,65342,65100,64818
157,01,127,12016,00000,00000,1,A,Carbon Hill city,Alabama,1748,1740,1727
157,01,127,17368,00000,00000,1,A,Cordova city,Alabama,1708,1699,1681
157,01,127,21136,00000,00000,1,A,Dora city,Alabama,2308,2299,2290
157,01,127,23344,00000,00000,1,A,Eldridge town,Alabama,129,129,128
157,01,127,38416,00000,00000,1,A,Jasper city,Alabama,14448,14396,14354
157,01,127,39280,00000,00000,1,A,Kansas town,Alabama,182,181,179
157,01,127,53400,00000,00000,1,A,Nauvoo town (pt.),Alabama,187,186,184
157,01,127,55992,00000,00000,1,A,Oakman town,Alabama,773,769,762
157,01,127,58272,00000,00000,1,A,Parrish town,Alabama,988,983,980
157,01,127,70704,00000,00000,1,A,Sipsey town,Alabama,363,362,360
157,01,127,73848,00000,00000,1,A,Sumiton city (pt.),Alabama,2428,2419,2402
157,01,127,99990,00000,00000,1,F,Balance of Walker County,Alabama,40080,39937,39771
050,01,129,00000,00000,00000,0,A,Washington County,Alabama,15388,15296,15147
157,01,129,14008,00000,00000,1,A,Chatom town,Alabama,1049,1044,1039
157,01,129,45472,00000,00000,1,A,McIntosh town,Alabama,206,204,201
157,01,129,48832,00000,00000,1,A,Millry town,Alabama,450,447,443
157,01,129,99990,00000,00000,1,F,Balance of Washington County,Alabama,13683,13601,13464
050,01,131,00000,00000,00000,0,A,Wilcox County,Alabama,10600,10518,10446
157,01,131,11512,00000,00000,1,A,Camden city,Alabama,1873,1856,1832
157,01,131,55848,00000,00000,1,A,Oak Hill town,Alabama,14,14,14
157,01,131,59880,00000,00000,1,A,Pine Apple town,Alabama,143,142,139
157,01,131,60240,00000,00000,1,A,Pine Hill town,Alabama,768,761,756
157,01,131,83976,00000,00000,1,A,Yellow Bluff town,Alabama,211,210,209
157,01,131,99990,00000,00000,1,F,Balance of Wilcox County,Alabama,7591,7535,7496
050,01,133,00000,00000,00000,0,A,Winston County,Alabama,23540,23491,23652
157,01,133,00484,00000,00000,1,A,Addison town,Alabama,664,664,668
157,01,133,02500,00000,00000,1,A,Arley town,Alabama,328,328,330
157,01,133,21280,00000,00000,1,A,Double Springs town,Alabama,1072,1069,1076
157,01,133,32704,00000,00000,1,A,Haleyville city (pt.),Alabama,4290,4277,4292
157,01,133,44800,00000,00000,1,A,Lynn town,Alabama,614,612,617
157,01,133,53376,00000,00000,1,A,Natural Bridge town,Alabama,33,33,33
157,01,133,53400,00000,00000,1,A,Nauvoo town (pt.),Alabama,1,1,1
157,01,133,99990,00000,00000,1,F,Balance of Winston County,Alabama,16538,16507,16635
